0,1,2,3,4,5,6,7,8,9,10,11,12,13,14,15,16,17,18,19
80,0,0,28,7,2,31,6,29,1,7,7,0,0,0,0,40,4,0,0
0,0,0,116,0,0,0,0,0,2,1,0,0,60,0,0,0,0,0,0
0,0,0,0,0,0,1,0,1,2,0,0,0,0,0,0,0,0,0,0
4,0,0,5,1,0,3,2,0,0,0,1,0,0,0,0,0,0,0,0
10,0,0,2,0,0,1,1,0,2,0,0,1,0,0,0,0,2,0,0
4,0,0,5,0,0,1,1,0,4,2,0,1,0,0,0,3,0,0,0
2,0,0,0,1,0,1,1,0,1,0,0,0,0,0,0,0,0,0,0
39,0,0,51,10,0,10,6,0,0,0,3,0,20,0,0,13,3,0,0
1,0,0,32,8,0,6,1,6,4,0,0,0,0,1,0,9,2,0,0
11,0,0,5,3,0,6,2,0,1,7,5,0,0,0,0,6,0,0,4
35,0,0,4,7,0,13,1,3,1,1,6,0,0,0,0,10,5,0,0
29,0,1,19,7,0,6,4,0,0,3,10,0,30,0,0,6,3,0,0
209,0,0,65,64,3,50,11,11,15,35,17,0,50,0,0,66,4,0,0
1,0,0,8,0,0,3,2,0,2,1,0,0,0,0,0,3,0,0,0
8,0,0,12,6,0,6,1,0,0,2,1,0,1,0,0,3,0,0,0
2,0,0,2,2,0,0,3,0,2,1,0,0,0,0,0,3,1,0,0
9,0,0,14,1,0,6,1,9,2,7,0,0,0,0,0,1,2,0,0
16,0,0,5,3,1,5,1,4,1,8,1,0,0,0,0,4,1,0,0
5,0,0,0,0,0,2,0,0,1,4,0,0,0,0,0,1,1,0,0
3,0,0,7,1,0,3,3,1,0,1,0,0,0,0,0,2,1,0,0
3,0,0,8,1,2,0,2,0,3,0,1,0,0,0,0,1,2,0,0
3,0,0,6,0,0,1,0,1,5,1,1,0,0,0,0,0,0,0,0
0,0,0,5,1,0,2,0,1,1,0,0,0,0,0,0,4,1,0,0
7,0,0,0,1,0,0,0,1,1,0,0,0,0,0,0,4,0,0,0
2,0,0,5,2,0,0,3,0,0,1,0,0,1,0,0,4,0,0,0
3,0,1,6,0,0,0,0,2,1,0,0,0,0,0,0,1,1,0,0
11,0,0,8,5,0,3,1,20,3,6,0,0,0,0,0,4,4,0,0
4,0,0,10,4,0,3,0,0,0,5,0,0,0,0,2,3,0,0,3
11,0,0,79,6,1,1,2,4,2,4,2,0,0,0,0,2,2,0,0
0,0,0,0,0,0,0,0,2,2,0,0,0,0,0,0,0,1,0,0
4,0,0,21,1,0,0,2,3,6,1,2,0,0,0,0,7,0,0,0
4,0,0,0,0,0,2,0,3,1,1,1,0,0,0,0,3,0,0,0
2,0,0,0,2,0,2,0,0,0,1,0,1,9,0,0,3,0,0,0
5,0,0,2,0,0,2,0,0,0,1,0,0,0,1,0,5,0,0,0
4,0,0,6,1,0,0,1,5,3,0,1,0,0,0,0,0,0,0,0
4,0,0,6,0,0,2,2,1,0,5,0,0,0,0,0,2,1,0,0
2,0,0,3,3,0,0,0,2,1,0,0,0,0,0,0,3,0,0,0
1,0,0,0,1,0,2,0,0,1,1,0,0,0,0,0,0,1,0,0
5,0,0,10,1,0,1,1,3,0,4,0,0,0,0,0,3,0,0,0
0,0,1,7,0,0,1,0,1,4,1,0,0,0,0,0,0,0,0,0
2,0,0,0,0,0,0,0,0,1,1,0,0,0,0,0,1,0,0,0
3,0,0,2,1,0,2,0,1,1,1,0,0,0,0,0,0,0,1,0
0,0,0,1,0,1,1,0,0,2,1,0,0,0,0,0,0,0,0,0
1,0,0,13,2,0,2,0,0,0,1,0,1,5,0,0,5,2,0,0
1,0,0,0,1,0,0,1,0,3,0,0,0,0,0,0,1,0,0,0
0,0,0,0,2,0,0,0,0,0,1,0,0,2,0,0,9,0,0,0
9,0,0,12,2,0,3,0,2,4,4,0,0,0,1,0,3,1,0,0
16,0,0,42,2,0,4,4,2,4,3,1,0,0,0,0,3,0,0,0
17,0,0,6,5,0,8,0,1,0,7,3,0,0,0,0,9,3,0,0
1,0,0,0,3,0,3,0,1,0,0,0,0,0,0,0,2,1,0,0
0,0,0,1,1,0,0,0,0,0,0,0,0,0,0,0,2,0,0,0
12,0,0,101,4,0,3,5,0,2,11,2,0,1,0,0,6,2,0,3
4,0,0,0,1,0,1,1,0,3,1,0,0,0,0,0,1,0,0,0
116,0,0,58,26,4,65,16,4,0,10,5,0,0,0,0,61,21,0,0
6,0,0,15,1,0,1,3,7,1,0,1,0,0,0,0,5,2,0,0
8,0,0,29,2,0,3,0,8,3,3,0,0,0,0,0,3,3,0,0
6,0,0,0,1,1,2,0,7,3,0,3,0,0,0,0,0,1,0,0
7,0,0,6,4,0,1,1,1,2,2,2,0,0,0,0,11,1,0,0
21,0,0,9,4,5,7,0,8,1,7,4,0,0,0,0,7,1,0,0
3,0,1,6,1,0,0,0,0,1,0,1,0,0,0,0,3,0,0,0
8,1,0,0,4,0,5,0,10,1,3,1,0,0,0,0,6,1,0,0
11,0,0,6,0,0,3,2,0,0,3,1,0,18,0,0,2,0,0,0
9,0,0,11,4,0,0,0,5,1,1,1,0,0,1,0,3,0,0,0
3,0,0,15,2,0,1,1,0,1,2,0,0,1,0,1,1,0,0,0
5,0,0,249,2,0,61,0,7,1,2,0,0,0,0,0,1,0,2,0
3,0,0,2,1,1,0,0,3,1,1,0,0,0,0,0,1,0,0,0
0,0,0,3,0,0,0,0,0,0,0,0,0,0,0,0,0,0,0,1
1,0,0,7,1,0,1,1,4,1,2,0,0,0,0,0,3,0,2,0
6,0,0,0,2,1,5,2,4,2,1,0,0,0,0,0,4,1,0,0
5,0,0,9,0,0,7,1,0,1,2,3,0,0,0,0,2,1,0,0
1,0,1,6,0,0,0,0,0,2,0,0,0,0,0,0,0,0,0,0
6,0,0,6,3,0,4,2,2,1,6,1,0,0,0,0,6,1,0,0
6,0,1,5,2,0,2,0,0,3,1,1,0,0,0,0,5,0,0,0
18,0,0,4,7,0,5,2,3,1,2,7,0,0,0,0,7,2,0,0
6,0,0,5,2,0,1,0,1,3,1,0,0,0,0,0,1,1,0,0
75,1,0,59,15,0,32,12,14,0,23,6,1,18,3,0,81,8,0,0
1,0,0,0,0,0,0,1,2,1,1,1,0,0,0,0,0,0,0,0
5,0,1,40,2,0,5,0,1,10,3,1,0,0,0,0,7,0,0,0
60,0,0,78,6,2,15,7,9,0,14,28,0,23,0,0,41,6,0,0
1,0,0,11,0,1,1,2,0,0,2,1,0,2,0,0,2,1,0,0
10,0,0,1,0,0,3,1,1,2,3,0,0,0,0,0,3,0,0,0
0,0,0,19,0,0,0,0,0,2,1,0,0,0,0,0,0,0,0,0
2,0,0,9,3,0,1,0,0,1,0,1,0,44,0,0,0,1,0,0
7,0,0,28,7,0,4,1,1,4,4,5,0,0,0,1,6,1,0,0
7,0,0,27,2,0,6,3,1,3,3,1,0,0,0,0,6,3,0,0
0,0,0,2,0,0,0,0,1,2,0,0,0,0,0,0,0,1,0,0
21,0,0,6,6,0,4,3,5,1,5,2,0,0,0,0,4,1,0,0
10,0,1,1,2,1,2,1,4,1,1,0,0,0,0,0,4,1,0,0
18,0,0,2,2,0,3,1,4,3,2,1,0,0,1,0,12,0,0,0
0,0,0,4,0,0,0,0,0,3,0,0,0,0,0,0,0,0,0,0
12,0,0,27,3,0,3,3,5,5,2,6,0,0,0,0,4,4,0,0
55,0,0,58,15,4,22,3,13,6,11,8,0,82,0,0,30,5,0,0
2,0,0,0,0,0,0,0,6,4,2,1,0,0,0,0,3,0,0,0
4,0,0,7,1,0,3,0,1,1,2,1,0,0,0,0,0,0,1,0
16,0,0,8,7,0,2,6,4,0,12,7,0,0,0,0,21,4,0,0
8,0,1,11,2,0,2,0,0,3,0,0,0,0,0,0,2,2,0,0
30,0,0,336,12,0,5,6,0,0,9,4,0,3,0,0,17,10,0,3
3,0,0,29,0,0,1,0,0,2,1,0,0,0,0,0,1,0,0,0
0,0,0,1,0,0,0,1,0,3,2,1,0,0,0,0,0,0,0,0
56,0,0,87,18,0,35,9,12,0,16,10,0,0,2,0,32,4,0,0
2,0,0,11,1,0,0,1,0,3,0,0,0,0,1,0,4,2,0,0
1,0,0,4,0,0,1,2,0,1,0,0,1,0,0,0,0,1,0,0
5,2,0,2,2,0,4,1,7,3,6,2,0,0,1,0,6,0,0,0
1,0,0,2,1,1,0,0,3,1,1,0,0,0,0,0,0,0,0,0
6,0,0,3,3,0,2,0,5,3,0,1,0,0,0,0,4,1,0,0
10,0,0,2,1,0,1,2,1,3,1,1,0,0,0,0,0,2,0,0
2,0,0,0,0,0,0,0,3,2,0,1,0,0,0,0,1,0,0,0
2,0,1,6,0,0,1,0,0,1,0,1,0,0,0,0,0,0,0,0
5,0,0,1,0,0,2,0,2,1,0,0,0,0,0,0,2,0,0,0
4,0,0,6,0,0,0,2,4,1,0,0,0,0,0,0,0,0,0,0
0,0,0,3,0,0,0,0,0,0,0,0,0,0,0,0,0,0,0,1
14,0,0,5,2,1,1,0,3,1,0,2,0,0,1,0,10,1,0,0
9,0,0,8,3,0,2,1,2,2,5,3,0,0,0,0,11,0,0,0
4,0,1,7,1,0,0,0,0,1,0,0,0,0,1,0,1,0,0,0
3,0,0,0,0,1,1,0,0,3,2,0,0,0,0,0,2,1,0,0
3,0,0,2,1,0,0,0,0,0,1,2,0,7,0,0,3,0,0,0
46,0,0,4,7,2,7,1,2,2,1,3,0,0,0,0,14,0,0,0
0,0,0,2,1,1,1,3,7,1,1,0,1,0,0,0,5,0,0,0
0,0,0,0,0,0,0,0,0,2,0,0,0,0,0,0,0,0,0,0
4,0,0,6,1,0,2,1,0,1,3,0,0,0,0,0,1,2,0,0
3,0,0,0,0,0,0,0,3,2,2,1,0,0,0,0,0,0,0,0
13,0,0,10,4,0,3,3,0,2,5,2,0,0,0,0,4,0,0,0
0,0,1,10,0,0,0,0,1,2,0,0,0,0,0,0,0,0,0,0
0,0,0,0,0,0,0,0,0,0,0,0,0,0,0,0,0,0,0,0
4,0,0,17,0,0,1,0,0,0,0,0,0,6,0,0,2,0,0,0
1,0,0,0,0,0,0,0,0,2,1,1,0,0,0,0,0,0,0,0
3,0,1,6,2,0,0,0,0,1,1,1,0,0,0,0,1,0,0,0
4,0,0,46,0,0,0,0,3,2,3,0,0,0,0,0,0,1,0,0
15,0,0,12,4,2,3,0,7,0,6,1,1,0,0,0,5,0,0,0
0,0,0,4,0,0,0,1,0,2,3,0,0,0,0,0,2,0,0,0
0,0,0,1,3,0,0,1,1,2,2,2,0,0,0,0,1,0,0,0
4,0,0,7,2,0,2,1,1,1,0,0,0,0,0,0,6,1,0,0
4,0,0,5,3,0,1,0,3,2,1,2,0,0,0,0,1,1,0,0
0,0,0,8,1,0,3,2,0,2,3,0,0,25,0,0,0,0,0,0
0,0,0,22,2,0,0,1,0,4,0,1,0,0,0,0,0,1,0,0
3,0,0,6,1,0,1,0,5,2,0,3,0,0,0,0,5,2,1,0
5,0,0,1,2,0,1,0,3,2,1,1,0,0,0,0,8,0,0,0
0,0,0,0,0,0,0,0,0,0,0,0,0,0,0,0,0,0,0,0
3,0,0,2,0,0,1,0,0,2,0,0,0,0,0,0,0,0,0,0
35,0,1,7,9,4,10,2,34,1,6,9,0,0,3,0,17,4,0,0
13,0,0,3,1,1,4,0,2,1,0,1,0,0,0,0,2,0,0,0
4,0,0,5,2,0,1,0,0,2,1,0,0,0,0,0,1,1,0,0
56,0,0,29,14,1,22,8,15,7,12,6,0,84,0,0,16,4,0,0
3,0,0,10,1,0,0,0,0,0,0,0,0,0,0,0,0,1,0,0
0,0,0,14,0,0,0,1,0,0,1,0,0,0,0,0,0,0,0,0
0,0,0,23,3,0,2,0,2,1,1,1,0,0,0,0,1,1,0,0
3,0,0,11,0,0,0,0,2,2,3,0,0,0,0,0,1,0,0,0
4,0,0,4,5,2,0,1,0,1,0,0,0,0,1,0,2,0,0,0
14,0,0,6,3,1,3,9,11,4,9,4,0,0,0,0,4,0,0,0
11,1,0,28,0,0,2,1,2,3,1,4,0,0,0,0,3,3,0,0
1,0,0,0,0,0,0,0,0,1,0,0,0,0,0,0,0,0,0,0
0,0,0,6,1,0,0,0,0,2,1,0,0,0,0,0,4,0,0,0
3,0,0,3,0,0,1,1,1,1,2,1,0,0,0,0,4,0,0,0
1,0,1,12,0,0,0,0,1,2,0,0,0,0,0,0,1,0,0,0
2,0,0,0,0,1,0,0,1,2,2,0,0,0,0,0,0,0,0,0
0,0,0,0,0,0,2,0,1,0,0,0,0,0,0,0,0,0,0,0
11,0,0,4,2,0,6,1,2,1,2,2,0,0,0,0,6,0,0,0
4,0,1,6,2,0,0,0,2,1,0,0,0,0,0,0,0,0,0,0
10,0,0,3,2,0,5,4,19,2,3,2,0,0,0,0,13,1,3,0
45,2,0,20,15,0,17,10,7,0,12,17,1,0,0,0,37,13,0,0
14,0,1,8,1,0,2,1,3,4,1,1,0,0,0,0,2,0,0,0
0,0,0,5,2,0,1,2,0,2,2,3,0,0,0,0,0,1,0,0
2,0,0,6,1,0,2,3,0,0,1,1,2,1,0,0,9,1,0,0
2,0,0,11,0,1,1,0,1,3,0,0,0,0,0,0,3,1,0,0
5,0,0,2,3,2,6,1,1,4,1,1,0,0,0,0,7,0,0,0
11,0,0,10,3,0,0,0,0,0,3,0,0,9,0,0,2,1,0,0
5,0,0,13,0,0,2,2,0,0,0,0,0,0,0,0,6,0,0,0
0,0,1,0,0,0,0,0,0,2,0,0,0,0,0,0,0,0,0,0
4,0,0,13,3,0,5,6,0,0,6,7,0,25,0,0,8,4,0,0
5,0,0,5,3,0,2,0,3,4,2,2,0,0,0,0,4,2,0,0
10,0,0,4,3,0,1,0,2,0,1,0,0,0,0,0,5,0,0,0
0,0,1,12,0,0,0,0,1,4,1,0,0,0,0,0,1,0,0,0
47,0,0,18,13,8,24,2,6,2,2,3,0,0,0,0,30,4,0,0
2,0,0,0,0,0,2,1,0,1,0,0,0,0,0,0,1,0,0,0
2,1,6,36,0,0,18,1,1,23,0,0,0,1,0,0,0,0,0,0
0,0,0,1,0,0,1,0,0,2,0,0,0,0,0,0,0,0,0,0
6,0,0,3,1,0,0,0,7,0,0,0,0,0,0,0,2,1,0,0
6,0,1,4,5,0,0,2,0,3,0,0,0,0,0,0,3,0,0,0
18,0,0,5,8,0,6,0,3,0,1,8,0,0,0,0,10,4,0,0
2,0,0,14,4,0,3,2,0,6,4,3,0,0,0,0,0,3,0,0
7,0,0,8,1,0,2,1,7,1,2,1,0,0,1,0,3,1,1,0
9,0,0,8,4,0,3,1,1,3,0,0,0,0,0,0,4,3,0,0
0,0,0,4,0,1,0,0,0,2,1,0,0,0,0,0,0,1,0,0
5,1,0,19,0,0,0,0,1,2,1,4,0,0,1,0,3,1,0,0
11,0,0,10,5,1,3,3,5,1,2,1,0,0,0,0,6,0,0,0
0,0,0,0,0,0,0,0,0,0,0,0,0,0,0,0,0,0,0,0
18,0,0,16,7,0,7,1,5,2,3,2,0,0,0,0,11,1,0,0
1,0,0,12,4,0,1,2,0,3,3,3,0,0,0,0,0,0,0,0
9,0,0,0,3,0,3,5,0,3,0,1,0,0,0,0,0,0,0,0
11,0,1,28,7,0,3,0,12,1,4,1,0,0,0,0,11,1,0,0
0,0,0,0,0,0,0,1,2,3,0,0,0,0,0,0,1,0,0,0
1,0,1,0,1,0,0,0,0,1,0,0,0,0,0,0,1,0,0,0
0,0,0,1,0,0,0,1,0,2,1,0,0,0,0,0,3,0,0,0
8,0,0,9,1,0,3,0,1,0,0,0,0,0,0,0,1,3,0,0
0,0,1,6,0,0,0,0,0,1,0,0,0,0,0,0,0,0,0,0
0,0,0,1,0,0,1,0,0,0,1,1,0,0,0,0,0,0,0,0
10,0,0,13,5,0,0,0,7,4,1,0,0,0,1,0,6,1,0,0
3,0,0,4,1,0,1,2,0,3,0,0,0,0,0,0,0,0,0,0
5,0,0,34,1,0,1,2,2,2,0,1,0,0,1,0,3,0,0,0
5,1,0,6,1,1,0,1,6,1,1,1,0,0,0,0,4,2,0,0
3,0,0,5,3,0,3,0,2,2,3,0,0,0,0,0,1,1,0,0
0,0,1,6,0,0,0,0,0,1,0,1,0,0,0,0,2,0,0,0
16,0,0,3,5,0,2,5,2,2,2,1,0,0,0,0,14,0,0,0
27,0,0,11,2,0,11,2,8,1,1,1,0,0,0,0,9,0,0,0
18,0,0,3,3,0,5,0,4,0,1,2,0,0,0,0,3,0,0,0
1,0,0,1,0,0,2,0,1,1,1,0,0,0,0,0,6,0,0,0
9,0,0,689,2,1,3,2,0,1,2,0,0,7,0,0,6,1,0,0
7,1,0,22,0,0,2,2,11,3,3,3,0,0,1,0,7,1,5,0
2,1,0,3,2,0,1,1,3,1,1,1,0,0,1,0,0,0,0,0
0,0,0,0,1,0,0,0,1,1,0,0,0,0,0,0,0,0,0,0
9,0,0,24,7,0,1,0,2,1,5,0,0,0,0,0,3,2,0,0
11,0,0,5,0,1,7,1,3,3,6,2,0,0,0,0,3,0,0,0
6,0,0,8,2,0,1,0,15,3,1,0,0,0,0,0,4,1,0,0
0,0,1,6,0,0,0,0,0,1,0,0,0,0,0,0,0,0,0,0
1,0,0,0,1,0,0,0,0,2,1,0,0,0,0,0,0,0,0,0
8,0,0,4,1,0,2,1,3,0,0,0,0,0,0,0,6,0,0,0
1,0,0,1,0,0,0,0,0,1,1,1,0,0,0,0,1,4,0,0
27,0,0,37,3,0,8,2,0,2,2,2,0,0,0,0,8,1,0,0
1,0,0,8,2,0,1,1,0,0,2,1,0,3,0,0,2,0,0,0
3,0,1,6,0,0,2,0,0,4,1,0,0,0,0,0,0,0,0,0
4,0,0,4,1,0,4,3,0,5,1,1,0,0,0,0,4,1,0,0
1,0,1,0,0,0,1,0,0,1,0,0,0,0,0,0,1,0,0,0
9,0,0,2,1,0,2,1,1,2,0,0,0,0,0,0,5,0,0,0
36,0,0,36,19,1,14,6,32,1,10,7,0,0,1,0,45,3,0,0
0,0,1,6,0,0,0,0,0,1,0,0,0,0,0,0,0,0,0,0
2,0,0,3,1,1,3,0,0,0,2,4,0,2,0,0,0,0,0,0
6,0,0,4,2,0,1,2,1,3,2,1,0,0,0,0,2,0,0,0
39,1,0,28,12,0,5,7,15,9,8,3,0,0,0,0,15,6,0,0
42,2,0,17,10,0,15,7,8,0,6,3,0,0,0,0,14,4,0,0
33,0,1,13,5,1,11,2,0,1,3,4,0,0,0,0,12,7,0,0
2,0,0,5,2,0,0,3,0,0,1,0,0,1,0,0,4,0,0,0
0,0,0,17,3,0,0,0,0,1,1,0,0,0,1,0,2,0,0,0
0,0,0,17,3,0,0,0,0,1,1,0,0,0,1,0,2,0,0,0
0,0,0,3,0,0,0,0,0,0,0,0,0,0,0,0,0,0,0,1
14,0,0,15,6,0,7,4,0,0,4,3,0,24,0,0,13,0,0,0
8,0,0,17,8,0,10,2,1,0,5,1,1,16,0,0,8,1,0,0
17,0,0,8,10,0,4,1,13,1,4,0,0,0,0,0,8,1,0,0
4,0,0,10,0,0,1,1,0,0,0,4,0,19,0,0,2,1,0,0
23,0,0,17,4,0,8,1,6,3,1,3,0,0,1,0,4,1,4,0
5,0,0,6,3,0,0,1,2,2,1,2,0,0,0,0,10,3,0,0
186,0,31,241,40,0,54,14,2,36,51,17,0,0,3,0,130,1,0,0
21,0,0,2,5,0,5,0,5,1,12,4,0,0,1,0,5,0,0,0
7,0,0,8,3,0,3,0,4,1,2,0,0,0,0,0,6,2,0,0
3,0,0,0,0,0,2,1,0,0,0,1,0,0,0,0,2,0,0,0
38,1,0,159,11,4,27,18,31,0,19,5,1,0,0,0,41,2,0,0
0,0,0,0,0,0,1,2,4,1,0,0,0,0,0,0,1,0,0,0
14,0,0,14,5,0,1,2,9,1,5,2,0,0,0,0,4,0,0,0
0,0,0,126,0,0,0,0,0,0,0,2,0,18,0,0,2,0,0,3
13,0,0,2,1,0,1,0,9,1,2,0,0,0,0,0,4,0,4,0
1,0,0,5,1,0,0,0,0,0,0,0,0,4,0,0,2,0,0,0
8,0,0,0,3,0,1,2,8,2,2,2,0,0,1,0,5,2,0,0
30,0,1,23,4,0,12,1,1,3,4,3,0,0,0,0,8,3,0,0
5,1,0,6,2,1,0,0,5,2,1,2,0,0,0,0,2,3,0,0
31,0,0,5,8,0,14,2,1,4,2,2,0,0,0,0,5,2,0,0
9,0,0,0,0,0,1,1,1,0,0,1,0,0,0,0,4,0,0,0
2,0,0,5,1,0,0,0,3,1,0,0,0,0,0,0,0,1,0,0
30,0,0,0,2,0,3,0,6,0,0,2,0,0,1,0,9,1,0,0
2,0,0,72,2,0,1,2,0,2,7,0,0,11,0,0,3,0,0,3
15,0,0,2,0,1,6,4,3,2,7,0,0,0,0,0,7,0,0,0
1,0,0,1,1,0,0,1,0,3,1,1,0,0,0,0,1,2,0,0
6,0,0,3,0,1,5,2,9,0,5,0,0,0,0,0,6,0,0,0
3,0,0,3,0,0,0,0,1,1,0,2,0,0,0,0,6,1,0,0
5,0,0,2,3,0,2,2,1,0,1,0,0,0,0,0,3,1,0,0
3,0,0,1,3,0,1,0,0,0,4,0,0,0,0,0,1,2,0,0
10,0,0,2,4,0,0,0,1,1,0,0,0,0,0,0,4,1,0,0
12,0,0,4,4,0,3,0,3,3,1,0,0,0,0,0,3,1,0,0
0,0,0,4,2,3,3,1,0,1,4,0,2,0,0,0,1,0,0,0
6,0,0,2,4,0,0,0,1,1,0,3,0,0,0,0,1,0,2,0
4,0,0,2,0,0,1,3,0,2,1,1,0,0,1,0,1,0,0,0
3,0,0,7,3,0,2,1,0,0,4,2,0,1,0,0,3,1,0,0
19,0,0,11,4,0,7,5,5,0,1,0,0,0,0,0,10,1,0,0
14,0,0,6,2,0,4,0,7,1,1,0,0,0,0,0,5,1,0,0
1,0,0,183,1,0,1,2,2,0,1,1,0,0,0,1,1,1,0,0
2,0,1,6,0,0,0,0,2,1,0,0,0,0,0,0,2,1,0,0
7,0,0,5,2,0,3,1,0,3,1,1,0,0,0,0,5,0,0,0
6,0,0,0,0,0,1,0,4,0,0,1,0,0,0,0,1,0,0,0
3,0,0,6,1,0,0,0,0,3,1,0,0,0,0,0,2,1,0,0
0,0,1,0,0,1,1,1,0,1,0,1,0,0,0,0,0,0,0,0
5,1,0,2,1,1,0,0,5,1,1,1,0,0,0,0,2,2,0,0
3,0,0,0,0,0,0,0,0,1,0,2,0,0,0,0,0,0,0,0
10,0,0,3,1,0,1,2,1,4,1,1,0,0,0,0,0,2,0,0
22,0,0,116,7,1,9,4,2,0,11,7,0,33,0,0,11,4,0,0
116,0,0,193,44,0,37,12,44,0,38,5,1,0,3,0,39,5,0,0
32,0,0,15,7,0,12,7,7,0,19,1,0,0,0,0,13,3,0,0
11,0,0,5,1,0,5,2,3,0,0,0,0,0,0,1,3,1,0,0
0,0,0,3,0,0,0,0,0,0,0,0,0,0,0,0,0,0,0,1
2,0,1,12,1,0,1,0,3,4,0,4,0,0,0,0,4,0,0,0
121,0,0,190,47,0,40,14,56,0,47,4,0,0,3,1,41,5,0,0
1,0,0,0,1,0,0,0,0,1,0,0,0,0,0,0,1,0,0,0
0,0,0,2,1,0,0,1,0,1,0,0,0,0,0,0,0,0,0,0
8,0,0,1,0,0,4,0,3,0,1,2,0,0,0,0,5,2,0,0
3,1,0,2,0,0,2,0,1,2,2,1,0,0,0,0,2,0,0,0
4,0,0,0,1,0,1,2,0,3,1,2,0,0,0,0,0,0,0,0
7,0,1,6,1,0,1,0,0,1,2,0,0,0,0,0,2,0,0,0
2,0,0,13,2,0,1,0,5,2,0,1,0,0,1,1,1,1,0,0
22,0,1,27,9,0,1,3,0,21,3,3,0,0,0,0,4,1,0,0
0,0,1,6,0,0,1,0,0,1,0,0,0,0,0,0,0,1,0,0
28,0,0,12,7,1,4,3,7,1,2,0,0,0,0,0,19,2,0,0
5,0,0,14,3,0,1,1,4,1,0,3,1,0,0,0,4,1,0,0
3,0,0,0,1,0,1,0,0,1,0,0,0,0,0,0,0,0,0,0
5,0,0,1,0,0,1,1,0,0,2,1,0,0,0,0,5,0,0,0
20,0,0,2,3,0,5,2,0,3,2,1,0,0,0,0,6,3,0,0
7,0,1,23,2,1,2,0,4,2,2,4,0,0,0,0,2,0,0,0
7,0,0,11,1,0,0,1,7,1,1,0,0,0,0,0,3,1,0,0
7,0,0,11,0,0,1,2,5,2,0,2,0,0,0,0,2,0,0,0
3,0,0,0,0,0,1,0,3,0,0,1,0,0,0,0,0,0,0,0
8,0,0,6,2,1,1,0,2,1,0,0,0,0,0,0,4,2,0,0
36,0,0,24,7,0,11,4,1,1,5,2,0,12,1,0,16,4,0,0
0,0,1,6,0,0,0,0,0,1,0,0,0,0,0,0,0,0,0,0
0,0,0,6,2,0,1,2,0,2,2,3,0,0,0,0,0,0,0,0
3,0,1,6,1,0,0,0,0,1,0,1,0,0,0,0,3,0,0,0
11,0,0,18,1,0,0,0,7,3,1,0,0,0,0,0,3,1,6,0
3,0,0,2,1,0,0,0,0,0,0,0,0,0,0,0,3,0,0,0
0,0,0,3,0,0,0,0,0,0,0,0,0,0,0,0,0,0,0,1
5,0,1,7,3,0,1,0,0,1,1,2,0,0,0,0,1,0,0,0
0,0,0,0,0,0,0,0,0,2,0,0,0,0,0,0,2,0,0,0
0,0,0,0,0,0,1,0,0,0,1,0,0,0,0,0,1,0,0,5
1,0,0,4,2,0,1,2,0,2,3,0,1,0,0,0,3,1,0,0
175,1,0,30,28,2,54,14,49,4,16,16,1,65,0,0,69,18,0,0
11,0,0,22,1,3,4,2,2,2,2,0,0,0,0,0,3,5,0,0
5,0,0,5,1,0,0,0,0,3,1,0,0,0,0,0,2,1,0,0
9,0,0,10,4,0,1,0,4,2,0,2,0,0,0,0,3,1,0,0
5,0,0,8,3,0,1,0,1,1,0,0,0,0,0,0,0,2,0,0
1,0,0,1,0,0,0,0,1,1,0,0,0,0,0,0,3,0,0,0
4,0,1,4,0,0,0,0,0,3,1,2,0,0,0,0,1,1,0,0
8,0,0,13,2,0,5,1,0,1,0,0,0,12,0,0,4,1,0,0
0,0,1,6,0,0,0,0,0,1,0,0,0,0,0,0,0,0,0,0
0,0,1,6,0,0,0,0,0,1,0,0,0,0,0,0,0,0,0,0
9,0,0,0,1,0,2,1,0,1,1,1,0,0,0,0,1,0,1,0
8,0,0,12,1,0,3,1,0,2,4,1,0,17,2,0,1,5,0,0
6,0,0,16,1,1,3,1,2,3,1,0,0,0,0,0,1,0,2,0
71,0,0,82,13,0,22,3,1,0,1,4,0,15,2,0,51,2,0,0
2,0,0,25,1,0,0,0,2,2,3,1,0,0,0,0,2,1,0,0
7,0,0,23,1,0,1,0,8,1,0,2,0,0,0,0,2,0,0,0
169,0,0,50,47,4,40,8,0,79,21,11,0,2,2,0,45,8,0,0
25,0,0,6,6,4,9,16,6,26,1,5,0,0,0,0,12,7,0,0
133,0,0,56,33,16,38,10,0,67,21,9,0,2,0,0,45,18,0,0
5,0,0,2,1,0,2,0,0,3,1,0,0,0,0,0,2,0,0,0
4,0,0,4,0,0,1,0,1,1,0,1,0,0,0,0,3,2,0,0
7,0,0,0,1,0,2,1,3,0,2,0,0,0,0,0,3,0,0,0
4,0,0,4,2,0,2,1,0,0,2,0,0,0,0,1,1,0,0,0
1,0,0,1,0,0,0,0,0,3,1,1,0,0,0,0,0,0,0,0
11,0,0,0,1,0,1,1,8,0,1,1,0,0,0,0,8,0,0,0
0,0,0,9,0,0,3,3,0,0,4,0,0,14,0,0,2,0,0,0
13,0,0,13,4,0,7,1,11,0,3,2,0,0,0,0,14,3,0,0
17,0,0,28,5,0,6,0,0,0,2,7,0,0,0,0,9,0,0,0
6,0,0,0,1,0,1,0,4,2,3,1,0,0,0,0,7,2,0,0
8,0,0,2,1,0,2,2,1,2,2,0,0,0,0,0,4,0,0,0
31,1,0,45,14,0,16,4,0,0,1,0,0,20,0,0,14,4,0,0
2,0,0,0,1,0,0,0,3,3,1,0,0,0,0,0,1,0,0,0
3,0,1,10,1,0,3,0,0,1,1,0,0,0,0,0,1,2,0,0
7,0,0,10,2,0,3,0,3,0,3,3,0,0,0,0,4,0,0,0
15,0,0,14,2,0,4,2,0,0,14,3,0,0,0,0,9,3,0,0
1,0,0,12,6,0,2,2,0,4,8,3,0,0,0,0,1,2,0,0
10,0,0,22,3,0,4,3,0,1,5,2,0,246,0,0,6,1,0,0
0,0,1,0,0,0,0,0,0,1,0,0,0,0,0,0,1,0,0,0
7,0,0,4,2,0,2,1,5,1,1,1,0,0,0,0,7,1,0,0
5,0,0,8,0,0,4,0,0,0,2,0,0,0,0,0,3,1,0,0
1,0,0,3,0,0,0,0,0,5,0,1,0,0,0,0,2,0,0,0
2,2,1,21,1,1,0,1,1,4,1,1,0,0,0,0,1,1,0,0
3,0,0,18,1,0,3,0,0,0,2,1,0,14,0,0,0,1,0,2
3,1,1,0,0,0,1,0,0,2,3,1,0,0,0,0,0,1,0,0
0,0,0,3,0,0,0,0,0,0,0,0,0,0,0,0,0,0,0,1
1,0,1,6,0,0,0,2,1,4,0,0,0,0,0,0,3,1,0,0
0,0,0,7,0,0,0,2,0,0,2,2,0,0,0,0,1,0,0,0
9,0,0,0,0,0,0,1,1,4,1,0,0,0,0,0,5,3,0,0
5,0,0,16,3,1,3,1,7,1,2,2,0,0,2,0,5,0,0,0
12,0,0,1,2,0,4,0,5,0,2,2,0,0,0,0,4,0,0,0
2,0,0,7,0,0,1,0,0,1,0,1,0,9,0,0,0,1,0,0
1,0,0,9,1,0,1,1,0,2,0,0,0,0,0,1,2,1,0,0
3,0,0,20,2,0,3,1,2,2,1,2,0,0,0,0,0,2,0,0
2,0,1,6,0,0,1,0,1,1,0,0,0,0,0,0,0,0,0,0
10,0,0,2,4,0,2,3,0,3,2,0,0,7,0,0,5,2,0,0
24,0,0,2,5,1,4,4,1,2,3,3,0,0,0,0,5,0,0,0
1,0,0,0,0,0,1,0,2,4,1,0,0,0,0,0,0,0,0,0
10,0,0,9,3,1,0,1,12,1,2,4,0,0,0,0,7,1,0,0
27,0,0,12,18,0,10,5,20,0,4,4,0,0,0,0,27,1,0,0
14,0,0,13,5,0,1,0,2,3,4,2,0,0,0,0,4,3,0,0
5,0,0,10,1,0,0,0,3,1,1,0,0,0,0,0,1,1,0,0
8,0,0,7,2,0,3,2,6,1,1,0,0,0,0,0,4,1,0,0
3,1,0,12,1,0,1,0,1,1,0,1,0,0,0,0,3,1,5,0
1,0,0,5,0,0,1,2,0,0,2,0,0,0,0,0,0,0,0,0
11,0,0,5,1,1,4,0,2,0,2,1,0,0,0,0,8,2,0,0
1,0,1,6,0,0,0,0,0,1,0,0,0,0,0,0,0,0,0,0
7,0,0,2,1,0,2,0,0,3,3,2,0,0,1,0,5,2,0,0
2,0,0,2,1,0,0,1,0,2,1,2,0,0,0,0,1,1,0,0
38,0,0,76,9,0,9,11,0,3,12,2,0,0,0,0,34,2,0,0
47,1,0,59,13,0,19,15,32,3,9,11,0,0,2,0,20,2,10,0
0,0,1,9,0,0,1,0,0,4,0,0,0,0,0,0,1,0,0,0
1,0,0,6,0,1,3,2,0,0,2,2,0,6,0,0,7,0,0,0
21,0,0,14,10,2,9,6,11,2,4,2,0,0,1,0,12,3,0,0
4,0,0,5,6,0,2,3,1,2,1,0,0,0,0,0,12,1,0,0
3,0,0,11,2,0,1,0,0,0,0,0,0,37,0,0,0,0,0,0
5,0,0,3,2,0,1,2,3,1,2,0,0,0,0,0,4,0,0,0
6,0,0,12,1,1,1,2,1,2,1,0,0,0,0,0,0,1,0,0
14,0,0,2,4,0,6,3,7,2,4,0,0,0,0,0,7,1,0,0
5,0,2,11,3,1,1,0,0,4,2,0,0,0,0,0,3,0,0,0
4,0,0,2,0,0,3,2,0,4,3,2,0,0,1,0,2,2,0,0
0,0,1,6,1,0,0,0,0,1,0,0,0,0,0,0,1,0,0,0
1,0,0,9,1,0,0,0,0,1,1,1,0,0,1,0,1,0,0,0
3,0,0,7,2,0,0,0,2,1,1,2,0,0,0,0,2,0,1,0
7,0,0,5,1,0,2,0,4,0,1,1,0,0,0,1,4,1,0,0
18,0,0,0,4,0,3,2,5,3,5,6,0,0,0,0,7,2,0,0
7,0,1,6,1,0,4,1,0,4,0,0,0,0,0,0,5,0,0,0
5,0,0,12,3,1,1,0,8,1,1,1,0,0,0,0,3,1,0,0
11,0,0,1,1,0,0,1,2,1,2,1,0,0,0,0,14,1,0,0
48,0,0,2,15,0,11,5,2,0,4,6,0,0,1,0,10,1,0,0
0,0,0,2,0,0,0,1,0,0,0,1,0,1,0,0,1,0,0,0
5,0,1,4,0,0,2,3,0,3,0,0,0,0,0,0,5,0,0,0
4,0,0,1,0,1,1,0,1,2,0,0,0,0,0,0,0,0,0,0
1,0,0,13,2,0,2,0,0,1,1,0,1,5,0,0,5,1,0,0
11,1,0,21,2,0,3,1,4,3,1,2,0,0,0,0,4,0,5,0
0,0,0,8,1,0,1,1,0,1,0,0,0,0,0,1,2,1,0,0
8,0,0,123,1,0,3,2,0,2,7,6,0,18,0,0,1,0,0,3
22,0,2,309,8,1,14,4,3,2,3,2,0,2,0,0,7,1,0,0
16,0,0,9,4,1,3,5,20,2,4,3,0,0,0,0,8,2,0,0
131,0,0,46,23,6,48,16,1,52,11,17,0,2,2,0,50,10,0,0
15,0,0,4,2,0,5,6,4,3,5,5,0,0,0,0,10,3,0,0
8,0,0,56,5,0,4,0,4,17,3,0,0,0,0,0,7,0,0,0
24,0,0,5,4,0,3,3,4,1,1,1,0,0,0,0,6,1,0,0
0,0,0,0,0,1,0,1,3,3,2,0,0,5,0,0,3,0,0,0
0,0,0,0,0,0,1,0,1,1,0,0,0,0,0,0,1,1,0,0
17,0,0,7,3,1,3,2,7,1,6,2,0,0,0,0,14,0,0,0
32,0,0,8,3,0,12,2,7,0,10,1,1,0,1,0,6,2,0,0
4,0,0,11,3,0,2,2,0,4,5,3,0,0,0,0,2,1,0,0
14,0,0,9,2,0,3,2,5,3,4,0,0,0,0,0,5,0,0,0
2,1,0,0,3,0,1,1,0,3,2,0,0,0,0,0,3,0,0,0
5,0,0,23,1,0,4,1,0,0,4,0,0,12,0,0,4,0,0,0
2,0,0,4,0,0,2,3,0,0,1,0,0,0,0,0,2,0,0,0
0,0,0,46,0,0,0,0,0,0,0,0,0,2,0,0,0,0,0,0
1,0,1,6,1,0,0,0,0,1,0,0,0,0,0,0,0,0,0,0
0,0,0,3,1,0,2,0,1,0,2,1,0,0,0,0,2,0,0,0
2,0,0,2,0,0,3,0,0,0,2,0,0,0,0,0,4,0,0,0
9,0,0,689,2,1,3,2,0,1,2,0,0,7,0,0,6,1,0,0
3,0,1,6,3,0,0,0,3,1,0,1,0,0,0,0,0,0,0,0
2,0,1,9,1,0,0,0,1,4,1,1,0,0,0,0,3,0,0,0
4,0,0,6,0,2,1,0,1,1,0,0,0,0,0,0,1,0,0,0
3,0,1,4,1,0,1,0,0,3,0,1,0,0,0,0,1,1,0,0
28,0,0,35,5,0,6,4,0,6,11,12,2,6,0,0,8,0,0,0
13,0,0,4,3,1,7,6,12,2,4,3,0,0,0,0,5,0,0,0
33,0,0,6,6,0,5,2,0,3,3,10,0,0,0,0,13,1,0,0
4,0,0,4,0,0,1,2,6,0,0,0,0,0,0,0,0,0,0,0
28,0,0,20,8,0,17,12,14,3,4,15,0,0,0,0,26,1,3,0
27,1,0,14,6,0,8,2,8,2,4,1,0,0,0,0,13,3,0,0
5,0,0,23,3,0,1,0,9,3,1,1,0,0,1,0,6,0,0,0
82,0,0,41,17,5,24,7,12,7,21,9,0,87,0,0,43,7,0,0
0,0,0,23,0,0,1,0,1,0,1,0,0,0,0,0,2,0,0,6
3,0,0,5,1,0,1,0,0,2,1,0,0,0,0,0,0,1,0,0
7,0,0,11,2,0,9,2,0,0,2,1,0,0,1,0,5,2,0,0
2,0,0,1,1,4,3,0,15,0,8,0,0,0,0,0,3,2,0,0
3,0,0,9,6,0,1,1,3,0,6,5,0,0,0,0,9,0,0,0
2,0,0,4,1,0,0,0,2,1,0,0,0,0,0,0,0,1,0,0
0,0,0,0,1,0,0,0,1,1,0,0,0,0,0,0,0,0,0,0
3,0,0,12,3,0,5,0,5,0,0,1,0,0,0,0,4,1,0,0
4,0,0,3,6,3,5,1,5,2,3,0,0,0,0,0,3,0,0,0
10,0,0,7,0,0,2,2,0,1,3,2,0,0,3,0,2,1,0,0
26,0,0,2,2,1,6,1,1,0,1,2,0,0,0,0,2,0,0,0
0,0,0,15,0,0,1,0,0,0,1,0,0,0,0,0,2,0,0,0
8,0,0,8,0,0,6,0,0,2,4,4,0,0,0,0,5,1,0,0
1,0,1,0,1,0,0,0,0,1,0,0,0,0,0,0,0,0,0,0
42,0,1,4,6,0,6,5,14,1,8,0,0,0,0,0,16,3,0,0
2,0,0,52,0,0,0,0,0,0,1,0,0,53,0,1,2,0,0,0
16,0,0,45,5,0,7,5,0,1,2,0,1,24,0,0,9,6,0,0
9,0,0,5,2,0,3,4,0,7,5,2,0,0,0,0,0,0,0,0
11,0,0,6,2,1,1,0,1,2,3,0,0,0,0,0,4,1,0,0
24,0,0,9,2,0,1,7,0,2,6,1,0,0,0,0,3,3,0,0
4,0,0,0,0,0,0,0,6,1,2,1,0,0,0,1,1,0,0,0
1,0,0,5,1,0,0,0,0,0,0,0,0,4,0,0,2,0,0,0
9,0,0,16,4,0,1,2,6,3,3,2,0,0,0,0,4,0,0,0
4,0,0,2,2,0,4,1,1,3,1,1,0,0,0,0,3,1,0,0
11,0,0,6,4,0,5,1,13,2,4,3,0,0,1,0,6,3,0,0
4,0,0,71,0,0,3,2,0,2,11,2,0,2,0,0,5,0,0,3
14,0,0,27,5,0,0,2,0,0,2,2,0,0,0,0,2,0,0,0
10,0,0,22,10,0,1,0,18,0,1,6,0,50,0,0,15,1,0,0
38,0,0,9,2,0,13,3,2,1,6,4,0,0,0,0,1,0,0,0
1,0,2,6,0,0,1,0,0,1,1,0,0,0,0,0,1,0,0,0
62,0,0,72,20,2,27,2,26,3,7,6,0,3,2,0,33,4,0,3
14,0,0,4,5,1,0,0,3,1,0,3,0,0,0,0,10,0,0,0
18,1,0,11,3,0,5,0,2,1,1,0,0,0,0,0,9,2,0,0
6,0,1,5,1,0,2,0,0,4,1,1,0,0,0,0,1,0,0,0
0,0,1,0,0,0,1,0,0,1,0,0,0,0,0,0,1,0,0,0
5,0,0,0,0,0,0,0,0,0,2,0,0,0,0,0,0,0,0,0
11,0,0,8,2,0,1,1,1,1,0,1,0,0,0,0,2,1,0,0
6,0,0,4,4,0,2,1,4,1,2,2,0,0,0,0,5,0,8,0
12,0,0,3,7,0,4,0,1,1,6,0,1,2,1,0,9,1,0,0
0,0,0,0,0,0,0,0,0,0,0,0,0,0,0,0,0,0,0,0
8,0,1,16,2,1,1,0,4,3,1,0,0,0,0,0,6,1,0,0
62,0,0,94,12,0,28,10,11,3,22,9,1,134,0,0,24,6,0,0
2,0,0,0,2,0,2,0,2,0,0,1,0,0,0,0,1,0,0,0
1,0,1,7,0,0,1,0,0,2,0,0,0,0,0,0,0,0,0,0
3,0,0,7,0,0,0,0,1,1,0,0,0,0,0,0,0,2,0,0
10,0,0,5,4,0,0,0,0,2,0,1,1,0,0,0,3,0,0,0
3,0,0,4,1,0,5,2,0,3,4,0,0,0,0,0,4,2,0,0
3,0,0,8,2,0,0,2,0,0,1,0,1,1,0,0,6,2,0,0
11,0,2,1,4,1,1,2,3,3,1,2,0,0,0,0,6,2,0,0
8,0,0,8,0,0,2,0,0,1,0,3,0,0,0,0,2,1,0,0
6,0,0,5,1,0,0,1,4,1,2,2,0,0,0,0,6,1,0,0
14,0,0,3,2,0,4,1,3,1,3,0,0,0,0,0,2,0,0,0
12,0,0,23,4,0,8,1,4,3,3,0,0,0,1,0,10,4,0,0
3,1,0,18,1,0,2,0,0,1,2,2,0,0,0,0,2,0,1,0
5,0,0,2,2,0,1,0,0,0,2,0,0,0,0,0,1,1,0,0
8,0,0,0,1,0,2,3,2,1,0,2,0,0,0,0,2,0,0,0
40,0,0,119,0,0,9,7,2,2,9,0,0,1,0,0,5,0,0,3
17,0,0,9,4,0,5,1,3,0,2,3,0,0,0,0,10,0,0,0
5,0,0,237,1,0,3,1,0,1,0,0,1,0,0,0,2,0,0,0
4,0,0,0,1,1,0,1,0,1,0,0,0,0,0,0,7,0,0,0
0,0,0,8,3,0,1,2,0,3,2,3,0,0,0,0,0,0,0,0
3,0,0,0,0,0,0,2,0,0,0,0,0,2,0,0,0,0,0,0
1,0,0,5,1,0,0,0,0,0,1,0,1,0,0,0,1,0,0,0
6,0,0,5,3,0,2,3,0,3,1,0,1,0,0,0,0,0,0,0
10,0,0,1,1,0,3,1,0,4,1,1,0,0,0,0,9,0,0,0
0,0,1,6,1,0,0,0,0,1,0,0,0,0,0,0,0,0,0,0
5,0,0,7,1,0,4,1,1,3,4,1,0,0,0,0,1,0,0,0
0,0,1,6,0,0,0,0,0,2,0,0,0,0,0,0,0,0,0,0
1,0,0,0,1,1,0,0,0,1,0,0,0,0,0,0,0,0,0,0
2,0,0,16,6,0,2,3,1,7,9,3,0,0,0,0,0,3,0,0
1,0,0,2,0,0,0,0,0,0,1,0,0,0,0,0,2,0,0,0
4,0,0,7,0,0,1,1,4,8,1,0,0,0,0,0,0,0,0,0
0,0,0,2,1,0,0,1,0,1,1,1,0,0,0,0,0,1,0,0
1,0,1,7,0,0,0,0,0,2,0,0,0,0,0,0,0,0,0,0
0,0,0,40,0,0,0,0,3,2,1,0,0,0,0,0,1,0,0,0
4,0,0,4,5,0,0,1,0,3,1,3,0,0,0,0,1,0,0,0
0,0,0,2,1,0,0,2,1,1,1,0,0,0,0,0,1,0,0,0
3,0,0,1,0,0,1,0,0,2,1,1,0,0,0,0,4,0,0,0
6,0,0,2,2,0,1,2,0,1,2,0,0,0,0,0,1,0,0,0
4,0,0,5,1,0,3,0,2,1,1,2,0,0,0,0,2,1,0,0
0,0,1,6,0,0,1,0,0,1,0,0,0,0,0,0,0,0,0,0
4,0,0,4,2,0,1,0,8,1,1,6,0,0,0,0,9,1,1,0
0,0,0,11,2,0,1,13,0,1,1,0,0,0,0,0,0,1,5,0
0,0,0,9,4,0,0,0,3,2,2,1,0,0,0,0,2,2,0,0
21,0,0,12,3,0,6,3,0,2,11,5,0,0,1,0,11,2,0,0
2,0,1,12,3,0,0,0,2,1,0,2,0,0,0,0,1,0,0,0
5,0,0,12,1,0,5,1,0,0,2,1,0,2,0,0,4,0,0,0
3,0,0,122,7,0,2,0,5,0,0,2,0,0,0,0,1,0,0,0
3,0,0,0,0,0,0,0,2,2,1,0,0,0,0,0,1,1,0,0
0,0,0,8,3,0,1,2,0,3,2,3,0,0,0,0,0,0,0,0
12,0,0,28,0,0,4,5,10,7,8,3,0,0,0,0,8,1,0,0
86,0,3,38,24,1,35,5,16,5,14,19,0,65,0,0,41,6,0,0
4,0,0,0,0,1,2,0,0,1,4,1,0,0,0,0,0,0,0,0
5,0,0,0,2,0,2,0,1,3,2,0,0,0,0,0,4,0,0,0
7,0,0,19,6,0,2,1,4,5,3,1,0,0,0,0,4,3,0,0
3,0,0,0,0,0,2,0,1,0,0,0,0,0,0,0,1,0,0,0
89,2,11,65,7,0,11,5,0,1,19,8,0,0,0,0,35,3,0,0
1,0,0,7,3,0,0,0,0,5,8,2,0,0,0,0,2,1,0,0
3,0,0,0,0,0,1,0,1,1,0,0,0,0,0,0,2,0,0,0
3,0,1,4,1,0,0,0,0,3,1,0,0,0,0,0,0,1,0,0
1,0,0,0,0,0,0,0,1,1,0,0,0,0,0,0,0,0,0,0
0,0,0,4,0,0,0,0,0,0,0,0,0,0,0,0,0,0,0,2
9,0,1,7,2,0,2,0,0,4,1,3,0,0,0,0,3,0,0,0
11,0,0,0,8,3,4,3,4,0,0,1,0,0,0,0,14,2,0,0
5,0,0,1,2,0,1,1,7,2,2,3,0,0,0,0,4,0,0,0
72,0,0,5,7,0,21,7,25,0,5,18,0,0,0,0,22,6,0,0
26,0,0,10,9,0,10,1,8,1,3,2,0,0,0,0,8,3,0,0
2,0,0,0,0,1,0,0,0,1,0,1,0,0,0,0,2,0,1,0
2,0,0,1,0,0,0,1,0,0,1,0,0,0,0,0,0,0,0,0
16,0,0,5,4,0,8,5,0,2,1,3,0,0,0,0,4,0,0,0
21,0,0,19,3,0,7,2,1,3,1,1,0,0,0,0,3,1,0,0
0,0,0,9,0,0,0,3,2,2,1,0,0,0,0,0,2,1,0,0
0,0,1,6,0,0,0,0,0,1,0,0,0,0,0,0,0,1,0,0
10,0,1,37,4,0,5,0,9,1,1,0,0,0,1,0,2,0,0,0
1,0,0,4,0,0,1,0,1,0,0,0,0,0,0,0,2,0,0,0
6,0,0,5,2,0,1,1,0,3,2,0,0,0,0,0,4,2,0,0
3,0,0,0,0,0,2,1,8,0,0,0,0,0,0,0,2,0,0,0
9,0,1,24,5,0,5,4,3,12,5,3,0,0,0,0,1,3,0,0
0,0,1,10,0,0,1,0,1,2,0,0,0,0,1,0,2,0,0,0
13,0,0,19,2,0,6,0,0,0,5,1,0,39,0,0,5,1,0,0
31,0,0,6,7,6,19,3,9,1,14,1,1,0,0,0,7,2,0,0
0,0,0,0,0,0,0,0,0,0,0,0,0,0,0,0,0,0,0,0
5,0,0,12,5,0,1,0,3,2,4,0,0,0,0,0,5,2,0,0
2,0,1,12,3,0,0,0,2,1,0,2,0,0,0,0,1,0,0,0
1,0,0,6,2,0,1,2,0,2,7,0,1,0,0,0,1,2,0,0
3,0,0,17,3,0,0,2,2,3,3,1,0,0,0,0,2,3,0,0
6,0,0,8,1,0,2,2,0,0,1,0,0,15,1,0,3,1,0,0
75,1,0,59,15,0,32,12,14,0,23,6,1,18,3,0,81,8,0,0
40,0,0,15,6,3,20,6,26,2,16,3,0,0,0,0,11,0,0,0
25,0,1,34,12,0,3,1,0,2,5,0,0,0,0,0,11,7,0,0
1,0,0,7,1,0,0,0,3,1,1,0,0,0,1,0,2,0,0,0
0,0,0,1,0,0,0,0,0,0,0,0,0,0,0,0,2,0,0,0
7,0,0,55,2,0,7,8,2,7,6,2,0,3,1,0,4,2,0,0
3,0,0,6,3,0,2,4,3,0,0,2,0,0,0,0,9,0,0,0
3,0,0,61,1,0,5,2,1,0,3,8,0,0,0,0,11,0,0,0
3,0,0,2,0,0,1,0,4,1,2,2,0,0,3,0,4,0,0,0
10,0,0,2,1,0,1,2,1,3,1,1,0,0,0,0,0,2,0,0
3,0,0,2,1,0,1,1,3,1,1,0,0,0,0,0,6,0,2,0
7,0,0,15,0,0,0,0,4,2,3,1,0,0,1,0,4,0,0,0
8,0,0,11,1,0,1,1,4,2,2,0,0,0,1,0,5,0,0,0
0,0,1,6,0,0,0,0,0,2,0,0,0,0,0,0,0,0,0,0
5,0,0,3,1,0,1,0,0,0,3,3,0,13,1,0,0,0,0,0
4,0,0,6,4,0,2,1,4,2,2,0,0,0,0,0,6,0,0,0
12,0,0,6,2,0,4,2,0,4,0,0,0,0,0,0,2,1,0,0
10,0,0,38,4,0,1,4,10,2,8,0,0,5,0,0,5,2,0,3
41,0,6,743,9,0,10,11,19,2,6,3,0,3,0,0,23,2,0,0
4,0,0,56,2,0,3,2,0,2,7,2,0,1,0,0,13,0,0,3
8,0,0,5,0,0,4,1,5,2,3,2,0,0,0,0,3,0,0,0
61,0,0,88,9,1,26,3,10,8,5,7,0,82,0,0,33,5,0,0
1,0,0,8,0,0,3,2,0,2,1,0,0,0,0,0,3,0,0,0
1,0,0,8,2,0,1,1,0,0,2,1,0,4,0,0,2,0,0,0
2,0,0,8,2,0,2,1,0,2,3,1,0,3,0,0,2,0,0,0
1,0,0,5,1,0,0,0,0,3,0,0,0,0,0,0,0,1,0,0
4,0,0,23,3,0,1,1,6,4,3,2,0,0,0,0,11,0,0,0
9,0,0,18,2,0,2,1,5,1,0,2,0,0,1,0,2,0,0,0
59,0,0,33,11,0,18,5,1,2,11,1,0,30,0,0,11,1,0,0
28,0,0,17,7,1,16,3,6,3,2,1,0,0,0,0,9,2,0,0
19,2,0,29,5,0,0,2,10,6,3,1,0,0,0,0,7,2,0,0
4,0,0,7,1,0,2,3,0,0,5,1,0,11,0,0,1,0,0,0
1,0,0,1,1,1,0,0,5,1,1,0,0,0,0,0,0,0,0,0
23,0,0,9,8,1,7,1,10,1,4,2,0,0,0,0,9,1,0,0
17,0,0,9,4,0,5,4,0,2,2,0,0,0,0,0,4,0,0,0
1,0,0,0,1,0,1,3,0,0,0,0,0,2,0,0,0,0,0,0
8,0,0,7,0,1,1,1,2,5,2,3,0,0,0,0,4,1,0,0
1,0,0,62,1,0,1,2,0,0,0,0,0,6,0,0,2,0,0,0
0,0,1,6,0,0,0,0,0,1,0,0,0,0,0,0,0,0,0,0
2,0,0,11,0,0,0,1,0,3,0,0,0,0,1,0,4,2,0,0
4,0,0,57,0,0,1,3,0,2,7,0,0,17,0,0,7,0,0,3
1,0,0,0,0,0,2,0,2,1,2,0,0,0,0,0,1,0,2,0
11,1,0,49,0,0,3,13,5,3,1,1,0,0,0,0,2,0,5,0
11,1,0,22,0,0,2,1,8,3,2,1,0,0,0,0,1,0,7,0
5,0,0,0,2,0,1,0,2,1,0,1,0,0,0,0,0,0,0,0
2,0,0,2,0,0,3,0,0,1,2,0,0,10,0,0,0,0,0,0
8,0,0,9,3,0,3,0,1,0,1,2,0,0,0,0,5,1,0,0
3,0,0,2,1,0,1,0,3,1,2,0,0,0,0,0,2,0,2,0
3,0,0,1,1,0,0,2,1,0,1,0,0,0,0,0,3,0,0,0
8,2,0,3,1,0,0,1,1,2,0,2,0,0,0,0,3,2,0,0
1,0,0,5,0,0,0,0,0,0,2,0,0,3,0,0,0,0,0,0
15,0,0,13,1,0,8,1,4,2,0,0,0,0,0,0,11,1,0,0
18,0,0,11,3,0,6,4,1,1,2,3,0,22,0,0,5,3,0,0
18,0,1,14,3,0,1,4,1,24,3,2,0,0,0,1,2,3,0,0
18,0,1,21,10,0,6,5,0,21,4,4,0,0,0,0,5,1,0,0
89,0,0,82,23,10,28,10,4,60,15,7,0,2,2,0,35,12,0,0
3,0,0,12,1,0,0,0,2,0,2,1,0,0,0,0,6,2,0,0
1,0,0,6,1,0,0,0,0,1,0,0,0,0,0,0,0,0,0,0
4,0,0,1,0,0,1,1,0,0,1,0,0,0,0,0,2,0,0,0
4,0,0,4,0,0,0,3,0,0,1,0,0,1,0,0,2,0,0,0
3,0,0,0,1,0,1,0,3,1,0,0,0,0,0,0,0,0,0,0
2,0,0,0,2,1,0,1,3,3,1,1,0,0,0,0,1,0,0,0
2,0,0,54,2,0,1,2,0,0,7,0,0,1,0,0,7,0,0,3
19,0,0,25,8,1,3,1,19,2,6,5,0,0,0,0,9,2,0,0
5,0,0,3,4,0,0,0,0,1,0,0,0,0,0,0,1,0,0,0
55,2,0,17,16,6,21,3,11,0,5,2,0,0,0,0,22,11,0,0
16,0,0,7,5,0,2,2,6,3,3,2,0,0,0,0,2,0,0,0
7,0,0,6,3,0,1,2,13,3,5,2,0,0,0,0,10,0,0,0
0,0,0,9,4,0,2,2,0,4,4,5,0,0,0,0,0,1,0,0
17,0,0,13,3,0,3,3,5,1,0,0,0,0,0,0,5,1,0,0
2,0,0,8,2,0,2,1,0,2,3,1,0,3,0,0,2,0,0,0
1,0,1,10,0,0,0,0,1,2,0,2,0,0,0,0,1,0,0,0
7,0,0,3,3,1,3,0,7,3,0,0,0,0,0,0,3,1,0,0
4,0,0,11,2,0,3,1,4,2,2,0,0,0,0,0,1,1,0,0
0,0,0,3,0,0,0,0,0,0,0,0,0,0,0,0,0,0,0,1
0,0,0,18,2,0,0,0,0,1,0,2,0,123,0,0,0,0,0,0
5,1,0,21,3,0,1,2,1,1,3,1,0,0,0,0,6,4,0,0
9,0,0,0,4,0,3,2,4,1,1,0,0,0,0,0,3,0,0,0
1,0,0,3,1,1,1,0,0,4,0,1,0,3,0,0,1,2,0,0
9,0,1,16,5,0,3,3,0,5,5,3,0,0,0,0,5,1,0,0
0,0,0,3,0,0,0,0,0,0,0,0,0,0,0,0,0,0,0,1
1,0,0,1,3,0,2,1,2,2,2,0,0,0,0,0,1,0,0,0
9,0,0,1,2,0,2,0,3,2,1,1,0,0,0,0,5,0,0,0
14,0,1,20,2,0,7,0,0,5,2,1,0,0,0,0,10,0,0,0
5,0,0,6,6,0,0,0,3,2,1,0,0,0,0,0,1,0,0,0
3,0,0,2,0,0,2,1,0,2,1,1,0,3,0,0,0,0,0,0
3,0,0,6,1,0,0,1,1,3,3,1,0,0,0,0,1,0,0,0
0,0,0,5,2,0,1,2,0,2,2,3,0,0,0,0,0,0,0,0
4,0,0,94,1,0,1,2,0,2,7,4,0,10,0,0,3,0,0,3
0,0,0,5,2,0,1,2,0,2,2,3,0,0,0,0,0,0,0,0
67,0,0,17,12,3,16,6,30,1,4,4,0,0,0,0,32,7,0,0
2,0,0,12,1,0,1,0,2,3,1,2,0,0,0,0,1,1,0,0
2,0,0,1,0,0,3,1,0,1,0,0,0,0,0,0,4,0,0,0
21,0,0,2,4,0,7,1,5,0,11,1,0,0,1,0,3,0,0,0
0,0,1,6,0,0,0,0,0,1,0,0,0,0,0,0,0,0,0,0
45,0,0,7,7,0,8,10,0,1,4,0,0,0,0,0,13,0,0,0
6,0,0,34,2,0,3,2,0,2,7,0,0,0,0,0,1,0,0,3
76,1,0,59,15,0,33,12,14,2,24,6,1,18,3,0,81,8,0,0
3,0,0,1,3,0,1,1,1,2,1,1,0,0,0,0,2,0,0,0
0,0,0,2,0,1,1,0,3,1,0,0,0,0,0,0,2,0,2,0
21,0,0,8,5,0,2,0,6,2,4,2,0,0,0,0,8,0,0,0
6,0,0,0,0,0,1,0,7,1,1,2,0,0,0,0,6,1,0,0
1,0,0,4,2,0,1,2,0,3,3,0,1,0,0,0,3,1,0,0
5,0,0,1,0,0,0,0,2,2,1,0,0,0,0,0,3,0,0,0
1,0,0,8,0,0,3,0,0,2,1,1,0,0,0,0,3,0,0,0
9,0,0,16,4,1,3,1,8,1,3,2,0,0,2,0,8,1,0,0
50,0,0,11,7,0,20,4,0,2,3,1,0,0,0,0,20,3,0,0
83,1,0,19,13,0,30,7,25,0,8,7,0,0,0,0,28,7,0,0
11,0,0,6,0,0,3,2,0,0,3,1,0,18,0,0,2,0,0,0
3,0,0,0,1,1,0,0,3,1,0,1,0,0,0,0,4,0,0,0
16,0,0,5,2,0,6,1,4,2,1,0,0,0,0,0,7,0,0,0
1,0,1,0,0,0,1,0,0,1,0,0,0,0,0,0,1,0,0,0
2,0,0,1,0,0,0,1,0,1,0,0,0,0,0,0,1,0,0,0
5,0,1,10,1,3,2,0,6,2,1,0,0,0,1,0,4,0,0,0
14,0,0,0,3,0,2,1,0,1,1,0,0,0,0,0,2,0,0,0
5,0,0,2,3,0,3,1,0,1,2,0,0,8,0,0,4,1,0,0
2,0,0,9,3,0,1,0,0,1,0,1,0,44,0,0,0,1,0,0
36,2,0,38,9,0,9,1,0,3,0,4,0,0,0,0,18,6,0,0
1,0,0,2,1,1,1,0,2,0,2,0,0,0,0,0,4,0,0,0
8,0,0,1,3,0,4,1,0,0,0,0,0,10,0,0,4,0,0,0
6,0,0,8,1,0,6,0,0,1,1,0,0,0,0,0,4,0,0,0
14,0,0,8,2,1,6,2,14,1,8,0,0,0,0,0,5,2,0,0
69,0,0,23,14,7,17,2,7,1,3,0,0,0,0,0,36,2,0,0
5,0,0,3,1,0,2,0,0,1,1,1,0,0,0,0,6,2,0,0
6,0,0,5,2,0,1,0,0,0,0,1,0,0,0,0,1,1,0,0
1,0,0,4,1,0,1,3,2,2,0,1,0,0,0,0,5,0,0,0
0,0,0,2,0,0,0,0,0,0,0,0,0,0,0,0,0,0,0,0
0,0,0,0,3,0,1,0,1,1,1,0,0,0,0,0,4,0,0,0
3,0,0,3,2,0,2,0,0,1,0,0,0,0,0,0,2,1,0,0
3,0,0,1,0,0,1,4,0,5,3,0,0,0,0,0,2,0,0,0
6,0,0,3,3,0,0,1,7,1,1,0,0,0,0,0,4,3,0,0
41,1,0,15,10,2,11,5,2,2,0,1,0,0,0,0,19,3,0,0
2,0,0,3,3,0,0,0,2,1,1,1,0,0,0,0,1,0,0,0
2,0,0,5,2,0,0,3,0,0,1,0,0,1,0,0,4,0,0,0
1,0,1,28,0,0,3,0,6,9,0,0,0,0,0,0,0,0,0,0
6,0,0,3,1,0,0,0,0,1,1,0,0,0,0,0,1,0,0,0
56,0,0,91,18,0,35,9,10,0,16,9,0,0,2,0,30,4,0,0
8,0,0,44,3,0,5,0,0,0,3,2,0,0,0,0,4,1,0,0
11,0,0,10,2,0,1,6,7,1,3,0,0,0,0,0,4,1,0,0
17,0,0,8,5,0,9,3,14,2,0,2,0,0,0,0,13,3,0,0
4,0,0,86,0,0,1,2,0,2,7,1,0,2,0,0,3,1,0,3
17,0,1,198,3,0,2,3,0,1,4,1,1,40,0,0,6,3,0,0
4,0,0,20,4,0,3,0,5,1,1,0,0,0,0,0,8,0,1,0
11,0,0,8,5,0,3,1,20,4,6,0,0,0,0,0,4,4,0,0
0,0,1,2,0,0,0,0,0,1,0,0,0,0,0,0,0,1,0,0
0,0,0,0,0,0,0,0,0,2,0,0,0,0,0,0,0,0,0,0
5,0,1,8,2,1,0,1,1,4,1,0,0,0,0,0,3,1,0,0
0,0,0,0,0,0,0,1,0,0,0,1,0,0,0,0,0,0,0,0
2,0,0,5,2,0,1,1,3,1,2,0,0,0,0,0,4,1,0,0
1,0,0,8,0,0,3,2,0,2,1,0,0,0,0,0,3,0,0,0
1,0,0,8,3,1,3,1,7,1,0,1,0,0,0,0,1,0,0,0
10,0,0,11,1,0,4,0,3,0,0,2,0,0,0,0,8,1,0,0
1,0,1,7,0,0,1,0,1,2,1,0,0,0,0,0,3,0,0,0
21,0,0,13,6,0,5,3,10,0,3,0,0,0,0,0,13,1,0,0
2,0,1,6,0,0,1,0,0,1,0,0,0,0,0,0,0,0,0,0
0,0,0,0,0,0,0,0,1,1,0,0,0,0,0,0,2,0,1,0
5,0,0,0,3,0,1,1,4,2,1,2,0,0,0,0,6,1,0,0
5,0,0,2,5,0,1,0,2,2,2,0,0,0,0,0,0,0,0,0
0,0,1,6,0,0,0,0,0,1,0,0,0,0,0,0,0,0,0,0
1,0,0,8,0,0,3,2,0,3,1,0,0,0,0,0,3,0,0,0
8,0,0,6,4,1,0,0,4,2,1,2,0,0,1,0,4,2,0,0
3,0,0,3,1,0,3,1,0,0,2,0,0,2,0,0,3,0,0,0
3,0,0,1,0,0,3,0,0,0,1,1,0,16,0,0,0,1,0,0
16,0,0,16,4,0,5,2,7,1,2,1,0,0,1,0,8,1,0,0
1,0,0,6,2,0,0,0,0,1,0,0,0,0,0,0,1,1,0,0
15,0,0,5,4,0,3,3,3,3,1,2,0,0,0,0,16,4,0,0
11,0,0,10,0,0,3,2,10,1,2,0,0,0,0,0,3,1,0,0
6,0,0,62,0,0,4,0,5,0,1,0,0,0,0,0,2,3,0,0
7,0,0,9,4,0,2,0,5,2,4,1,0,0,0,0,2,2,0,0
5,0,0,1,3,0,2,2,0,64,5,0,1,0,0,0,3,2,0,0
3,0,0,3,0,0,1,2,1,2,3,1,0,0,0,0,6,0,0,0
9,0,0,32,2,0,2,2,9,1,2,1,0,0,0,0,3,0,1,0
6,0,0,13,5,0,1,0,3,1,1,0,0,0,0,0,0,2,0,0
5,0,1,10,1,0,2,0,0,3,1,0,0,0,0,0,2,0,0,0
10,0,0,3,1,0,1,2,1,3,1,1,0,0,0,0,0,2,0,0
1,0,1,0,1,0,0,0,0,1,1,0,0,0,0,0,1,0,0,0
4,0,0,6,1,0,2,2,1,1,2,0,0,0,0,0,0,0,1,0
10,0,0,0,2,0,1,2,0,2,1,1,0,0,0,0,3,2,0,0
23,0,0,12,3,0,4,1,3,0,9,2,0,0,0,0,15,1,0,0
5,0,0,16,1,0,0,0,1,0,3,2,0,0,0,0,0,0,0,0
1,0,0,3,1,0,0,0,0,0,1,0,0,0,0,0,2,0,0,0
117,0,0,191,47,0,41,12,56,0,45,4,0,0,3,1,41,4,0,0
1,0,0,2,1,0,0,0,2,3,0,0,0,0,0,0,3,0,0,0
10,0,0,0,1,0,3,3,2,1,0,0,0,0,0,0,2,1,0,0
0,0,1,6,0,0,0,0,0,2,0,0,0,0,0,0,0,0,0,0
0,0,1,1,0,0,1,0,0,1,0,0,0,0,0,0,1,0,0,0
1,0,0,2,0,0,2,0,0,2,1,0,0,0,0,0,0,0,0,0
10,0,1,6,2,0,0,0,2,4,1,0,0,0,0,0,4,2,0,0
8,0,1,6,4,1,3,1,0,4,1,1,0,0,0,0,5,1,0,0
18,0,0,40,8,0,11,10,6,1,11,2,0,2,0,0,5,4,0,3
16,0,0,9,2,0,5,0,5,4,3,2,0,0,0,0,11,0,0,0
16,0,0,45,4,4,12,1,7,0,8,3,1,0,0,0,6,0,0,0
5,0,0,0,0,0,2,1,0,0,0,0,0,0,0,0,2,0,0,0
10,0,0,9,2,0,2,1,8,4,6,1,0,0,0,0,7,1,0,0
0,0,0,2,0,0,0,0,0,0,0,0,0,0,0,0,0,1,0,0
3,0,0,1,4,1,2,0,0,2,0,0,0,0,0,0,2,0,0,0
10,0,0,14,6,0,4,4,10,3,0,1,0,0,0,0,6,2,0,0
7,0,0,2,1,0,3,0,0,1,1,0,0,0,0,0,3,1,0,0
1,0,0,4,1,0,6,1,2,6,2,1,0,0,0,0,6,0,0,0
8,0,0,8,5,0,3,0,7,1,1,4,0,0,0,0,9,0,0,0
3,0,0,14,0,1,1,2,5,1,0,1,0,0,0,0,0,0,0,0
1,0,0,0,1,0,1,0,3,0,0,0,0,0,0,0,0,0,0,0
2,0,0,0,1,0,1,0,3,2,1,1,0,0,0,0,2,0,0,0
2,0,0,6,1,0,3,0,1,2,0,0,0,0,0,0,2,1,0,0
8,0,0,0,0,0,1,0,0,0,0,2,0,0,0,0,2,1,0,0
4,0,0,7,3,0,1,1,3,2,2,2,0,0,0,0,1,1,0,0
11,0,0,4,2,7,5,0,5,2,3,0,0,0,0,0,4,2,0,0
2,0,0,1,0,0,0,1,0,2,1,0,0,0,0,0,0,0,0,0
9,2,0,10,1,0,2,1,0,1,0,1,0,0,0,0,1,1,0,0
0,0,0,10,3,0,1,2,0,2,2,3,0,0,0,0,0,0,0,0
1,0,0,3,1,1,0,0,0,0,0,0,0,0,0,0,1,0,0,0
12,0,0,10,6,0,3,2,4,1,0,1,0,0,0,0,10,2,0,0
7,0,0,242,2,0,4,1,0,1,3,1,0,2,0,0,1,0,0,0
7,0,0,7,1,0,8,1,1,1,1,1,0,0,0,0,3,2,0,0
0,0,1,6,0,0,1,0,0,1,0,1,0,0,0,0,0,0,0,0
10,0,0,6,2,0,3,2,0,0,5,0,0,0,0,0,4,0,0,0
3,0,1,13,1,1,2,0,0,5,0,0,0,0,0,0,4,0,0,0
5,0,0,1,1,0,0,0,0,3,0,0,0,0,0,0,2,0,0,0
11,0,0,11,2,0,3,4,3,0,0,0,0,0,0,0,6,1,0,0
13,0,1,17,2,1,1,0,2,8,0,1,0,0,0,0,2,0,0,0
5,0,0,6,3,0,2,0,2,1,0,0,0,0,0,0,1,1,0,0
16,0,0,8,1,0,1,0,3,0,0,0,0,0,0,0,7,1,0,0
3,0,0,4,0,0,0,1,1,2,1,0,0,0,0,1,1,1,0,0
2,0,0,0,0,0,2,0,5,0,1,0,0,0,1,0,1,0,0,0
1,0,1,10,1,0,0,0,2,1,1,0,0,0,0,0,2,0,0,0
9,0,0,2,2,0,2,1,9,4,2,0,0,0,0,1,1,0,0,0
2,0,0,9,2,0,1,0,0,1,2,0,0,0,0,0,2,0,0,0
0,0,1,6,0,0,0,0,0,1,0,0,0,0,0,0,0,0,0,0
0,0,1,0,0,0,0,0,0,1,0,1,0,0,0,0,1,0,0,0
2,0,0,2,0,0,0,0,2,2,1,0,0,0,0,0,0,0,0,0
2,0,0,19,2,0,1,1,3,2,1,0,0,0,0,0,1,1,0,0
13,0,0,22,1,0,8,2,0,1,3,3,1,254,0,0,2,1,0,0
42,0,0,5,4,0,10,2,3,4,8,2,0,0,1,0,15,2,0,0
1,0,0,12,1,0,2,0,4,2,0,0,0,0,1,0,3,1,0,0
8,0,1,20,1,0,4,4,0,2,5,1,0,0,0,0,2,1,0,0
5,0,0,0,1,0,0,0,0,1,0,0,0,0,0,0,2,0,0,0
0,0,0,5,1,0,0,0,0,1,0,0,0,0,0,0,1,1,0,0
11,0,0,18,5,0,3,1,4,6,2,2,0,0,0,0,9,0,0,0
2,0,0,0,0,0,2,0,1,2,1,0,0,0,0,0,1,0,0,0
2,0,0,10,0,0,4,0,0,1,1,0,0,0,0,0,5,4,0,0
0,0,0,1,2,0,2,3,0,0,2,1,0,2,0,0,1,1,0,0
2,0,0,1,1,0,0,0,2,2,3,0,0,0,0,0,0,0,0,0
9,0,0,260,1,0,1,1,1,0,2,0,0,0,0,0,1,1,0,0
4,0,0,17,3,0,0,0,4,1,0,1,0,0,1,0,4,0,0,0
5,0,0,4,1,0,4,1,0,0,3,0,0,6,0,0,1,2,0,0
1,0,0,6,1,0,4,0,3,2,1,0,0,0,0,0,1,1,0,0
14,0,0,7,8,0,3,1,8,1,4,0,0,0,0,0,6,1,0,0
0,0,0,0,0,0,0,0,2,1,0,0,0,0,0,0,0,0,0,0
3,0,0,0,3,0,0,0,0,0,1,0,0,0,0,0,4,1,0,0
9,0,0,8,0,0,3,0,0,0,0,0,0,11,0,0,10,0,0,0
6,0,0,8,2,0,0,0,10,2,0,0,0,0,0,1,2,0,0,0
2,0,0,2,0,0,1,1,0,0,0,1,0,3,0,0,0,0,0,0
0,0,0,9,2,0,0,1,4,2,0,0,0,0,0,0,1,1,0,0
10,0,1,24,2,0,6,0,4,8,0,0,0,0,0,0,2,0,0,0
4,0,0,6,1,0,1,0,1,2,1,0,0,0,0,0,2,1,0,0
13,0,0,8,3,0,6,4,0,1,8,1,0,8,0,0,4,0,0,2
1,0,0,11,1,0,1,0,0,1,0,1,0,0,0,0,6,1,0,0
6,0,0,9,2,0,3,1,0,0,5,0,0,0,0,0,0,0,0,0
4,0,1,18,0,0,0,0,0,7,0,0,0,0,0,0,0,0,0,0
4,0,0,0,0,0,1,1,0,0,1,0,0,0,1,1,1,1,0,0
0,0,0,5,1,0,0,0,0,1,0,0,0,0,0,0,1,1,0,0
3,0,0,5,3,0,0,0,0,2,0,0,0,0,0,0,2,1,0,0
3,0,0,0,1,0,2,2,1,0,0,0,0,0,0,0,1,1,0,0
19,0,0,28,2,0,3,2,19,4,5,3,0,0,0,0,4,1,0,0
0,0,0,0,0,0,0,0,0,2,1,0,0,0,0,0,0,0,0,0
8,0,0,0,0,0,1,0,2,1,0,1,0,0,0,0,0,0,0,0
0,0,0,0,0,0,0,0,0,0,0,0,0,0,0,0,0,0,0,0
4,0,0,0,1,0,3,0,2,1,0,2,0,0,0,0,0,0,3,0
24,0,0,23,2,0,2,1,14,2,3,0,0,0,0,1,9,6,0,0
2,0,0,0,1,0,0,0,2,1,0,0,0,0,0,0,0,0,0,0
10,0,1,6,0,1,1,0,0,4,1,1,0,0,0,0,3,2,0,0
4,0,0,8,4,0,0,0,5,1,1,1,0,0,1,0,2,0,0,0
9,0,0,146,3,0,3,2,0,2,7,0,0,28,0,0,1,2,0,3
2,0,0,5,2,0,0,0,2,2,2,0,0,0,0,0,1,1,0,0
28,0,0,1,3,0,12,2,0,3,2,10,0,0,0,0,14,1,0,0
0,0,0,0,1,0,0,0,2,2,5,0,0,0,0,0,3,0,0,0
117,0,0,190,47,0,41,12,56,0,45,4,0,0,3,1,41,4,0,0
4,0,0,72,1,0,6,0,0,0,0,0,0,20,1,0,2,2,0,0
2,0,0,67,1,0,1,2,0,2,7,4,0,4,0,0,1,0,0,3
3,0,0,0,1,0,1,0,1,1,0,0,0,0,0,0,0,0,0,0
8,0,0,5,1,0,2,0,4,1,2,1,0,0,0,0,4,1,0,0
19,0,0,13,6,1,7,1,13,1,7,0,0,0,0,1,12,2,0,0
5,0,0,0,2,0,1,2,1,1,0,1,0,0,0,0,7,0,0,0
2,0,0,13,2,0,1,0,4,0,1,0,0,0,0,0,2,2,0,0
13,0,0,17,2,0,1,2,12,3,5,3,0,0,2,0,7,1,0,0
0,0,0,1,1,0,0,0,0,1,0,0,0,0,0,0,1,0,0,0
38,1,0,31,9,0,9,0,2,1,2,3,0,0,0,0,18,8,0,0
20,1,0,3,3,0,10,0,11,0,2,1,0,0,0,0,6,1,0,0
0,0,1,6,0,0,0,0,0,1,0,0,0,0,0,0,0,0,0,0
3,0,0,29,2,0,0,1,1,1,2,0,0,0,1,0,3,0,0,0
8,0,0,0,1,0,1,1,2,2,1,0,0,0,0,0,4,0,0,0
3,0,0,4,0,0,2,2,0,0,0,0,0,0,0,0,0,0,0,0
20,0,0,1,2,0,1,4,0,0,0,0,0,0,0,0,12,1,0,0
1,0,0,11,1,0,1,0,5,1,0,0,0,0,0,1,1,1,0,0
3,0,0,5,0,0,1,1,1,0,0,2,0,0,0,0,0,1,0,0
12,0,0,20,4,0,5,0,0,0,7,2,0,0,0,0,7,2,0,3
5,0,0,18,3,0,2,1,11,2,2,1,0,0,1,0,2,0,0,0
4,0,0,30,1,0,1,1,5,1,3,2,0,0,0,0,7,0,0,3
1,0,0,9,0,0,0,2,0,0,2,1,0,2,0,0,1,1,0,0
0,0,0,6,2,0,1,2,0,2,2,3,0,0,0,0,0,0,0,0
3,0,0,0,1,0,4,0,0,1,0,0,0,0,0,0,5,0,0,0
0,0,1,8,0,0,0,0,1,2,0,0,0,0,0,0,0,0,0,0
8,0,0,13,3,0,3,2,1,1,0,2,0,0,0,0,9,3,0,0
4,0,0,1,1,0,2,0,0,0,1,0,0,0,0,0,3,0,0,0
3,0,0,7,1,0,0,2,2,3,0,0,0,0,0,0,1,0,0,0
7,0,0,0,2,0,4,2,0,1,1,1,0,4,0,0,13,2,0,0
1,0,0,9,0,1,0,2,0,0,1,1,0,2,0,0,1,1,0,0
9,0,0,2,4,0,5,0,1,1,1,0,0,0,0,0,3,0,0,0
7,0,0,3,2,0,2,0,0,0,4,2,0,0,0,0,4,0,0,0
25,0,0,5,5,0,2,4,1,1,4,0,0,0,0,0,13,1,0,0
1,0,0,0,0,0,0,0,0,2,0,0,0,0,0,0,0,0,0,0
5,0,0,7,1,0,0,2,0,0,1,0,0,3,0,0,4,0,0,0
3,0,1,6,0,0,1,0,0,1,0,0,0,0,0,0,0,0,0,0
37,0,0,34,9,0,14,4,0,0,18,11,0,0,0,0,14,3,0,0
6,0,0,11,5,0,6,2,10,1,1,3,0,0,0,0,2,1,4,0
0,0,0,9,2,0,3,2,1,6,5,3,0,0,0,0,0,2,0,0
0,0,0,1,0,0,0,0,1,1,0,0,0,0,0,0,0,0,0,0
0,0,1,7,1,0,0,0,0,2,0,0,0,0,0,0,0,0,0,0
11,0,0,3,4,0,2,1,9,2,0,4,0,0,1,0,6,0,0,0
3,0,0,6,2,0,1,0,0,1,0,0,0,0,0,0,4,1,0,0
6,0,0,0,1,0,1,0,2,0,0,0,0,0,0,0,6,0,0,0
6,0,0,132,10,0,0,3,5,0,3,2,0,0,1,0,5,2,0,0
8,0,0,8,1,0,2,1,0,0,0,1,0,0,0,0,2,0,0,0
1,0,0,0,1,0,1,0,0,1,0,0,0,0,0,0,1,0,0,0
10,0,0,3,3,0,2,0,2,1,2,0,0,0,0,0,2,1,0,0
5,0,0,6,0,0,1,1,1,1,0,0,0,0,0,0,0,1,0,0
0,0,0,0,0,1,0,1,0,0,0,1,0,0,0,0,0,0,0,0
7,0,0,8,0,0,0,0,2,1,1,2,0,0,0,0,4,0,0,0
41,1,0,7,6,2,9,4,1,0,3,0,0,18,0,0,9,0,0,0
9,0,0,10,6,0,1,1,4,4,1,0,0,0,0,0,6,1,0,0
3,0,0,5,1,0,0,0,4,2,3,0,0,0,0,0,2,2,0,0
2,0,0,2,2,0,0,3,0,2,1,0,0,0,0,0,3,1,0,0
7,0,0,9,1,0,2,0,6,1,0,2,0,0,1,0,3,0,0,0
4,0,0,0,2,0,0,0,2,2,1,0,0,0,0,0,0,0,0,0
4,0,0,21,2,0,1,2,2,0,0,2,0,0,0,0,4,2,0,0
3,0,0,1,0,1,6,1,12,5,2,1,0,0,0,0,7,0,0,0
4,0,0,4,4,0,2,1,4,2,1,0,0,0,0,0,6,0,0,0
5,0,0,30,3,0,1,1,6,2,1,0,0,0,0,0,1,0,0,0
3,0,0,0,1,0,1,0,0,1,0,0,0,0,0,0,0,0,0,0
38,0,0,9,2,0,13,3,2,1,6,4,0,0,0,0,1,0,0,0
2,0,0,13,2,0,1,1,3,0,0,0,0,2,0,0,4,0,0,0
7,0,1,6,2,0,1,0,2,3,1,0,0,0,0,0,4,1,0,0
28,0,0,4,5,0,7,4,11,0,4,2,0,0,1,0,16,2,0,0
0,0,1,7,0,0,0,0,0,1,0,0,0,0,1,0,0,0,0,0
7,0,0,28,7,0,4,1,1,4,4,5,0,0,0,1,6,1,0,0
12,0,1,12,2,0,4,0,1,4,0,1,0,0,0,0,5,0,0,0
4,0,0,4,1,0,3,0,5,2,1,0,0,0,0,0,2,0,0,0
2,0,0,6,0,0,1,0,0,1,0,1,0,0,0,1,2,2,0,0
1,0,0,0,0,0,0,0,0,0,0,0,0,0,0,0,0,0,0,0
40,0,0,8,1,0,10,6,1,1,1,2,0,0,0,0,13,2,0,0
26,0,0,9,4,0,5,3,12,0,4,1,0,0,0,0,18,1,0,0
3,0,0,17,6,0,3,3,0,6,9,3,0,0,0,0,3,5,0,0
1,0,0,2,1,0,1,1,0,1,1,0,0,0,0,0,1,0,0,0
5,0,0,3,4,0,0,1,7,1,1,1,0,0,0,0,2,0,0,0
15,0,0,14,2,0,4,2,0,0,14,3,0,0,0,0,9,3,0,0
17,0,0,10,2,0,0,0,9,1,2,2,0,0,1,0,10,2,0,0
3,0,0,8,4,0,1,1,3,2,1,1,0,0,0,0,2,1,0,0
34,0,0,19,3,0,4,1,2,0,2,1,0,0,2,0,13,5,0,0
47,0,0,11,14,1,13,6,0,2,5,8,1,0,0,0,29,2,0,0
17,0,0,37,4,1,3,3,0,1,2,1,1,22,0,0,13,7,0,0
2,0,0,0,1,0,0,1,1,2,3,3,0,0,0,0,1,0,0,0
7,0,0,0,0,1,0,0,5,1,0,1,0,0,0,0,1,0,0,0
1,0,1,7,1,0,1,0,5,2,1,0,0,0,0,0,1,0,0,0
8,0,0,9,2,0,3,0,0,1,3,1,0,1,0,0,8,0,0,0
13,0,0,16,4,1,3,2,14,1,2,1,0,0,0,0,6,1,2,0
1,0,0,6,1,0,1,0,4,1,0,0,0,0,0,0,1,1,0,0
4,0,0,20,0,0,2,0,1,0,1,1,1,4,0,0,5,0,0,0
8,0,0,3,1,0,0,0,6,0,0,0,0,0,0,0,3,1,0,0
14,0,0,0,4,1,1,0,10,1,5,2,0,0,0,0,2,1,0,0
8,0,0,6,3,0,3,0,2,0,3,0,0,0,0,0,3,0,0,0
3,0,0,2,0,0,1,1,2,2,1,0,0,0,0,0,2,0,0,0
25,0,0,44,14,2,10,6,0,3,10,1,0,0,0,0,4,4,0,0
1,0,0,22,5,0,4,1,5,3,0,0,0,0,1,0,6,1,0,0
84,2,0,65,9,0,31,7,1,0,14,4,0,11,0,0,17,5,0,0
0,0,0,2,0,0,0,0,0,0,0,0,0,0,0,0,0,1,0,0
34,0,0,2,6,1,12,2,0,3,2,1,0,0,0,0,21,4,0,0
172,0,0,213,55,8,55,13,62,0,48,4,0,0,3,0,50,11,0,0
2,0,0,79,1,0,3,2,0,2,7,2,0,5,0,0,4,0,0,3
5,0,1,27,2,0,0,1,4,1,0,1,0,0,0,0,1,2,0,0
12,0,0,5,1,0,3,0,9,2,2,1,0,0,0,0,5,1,3,0
18,0,0,16,8,0,2,3,0,1,1,4,1,0,0,0,3,2,0,0
0,0,0,1,0,0,0,1,0,3,1,1,0,0,0,0,0,0,0,0
1,0,0,10,0,0,1,0,1,1,1,0,0,0,0,0,3,5,0,0
13,0,0,7,2,0,12,1,1,2,0,2,0,0,0,0,3,0,0,0
14,0,0,5,5,0,9,5,5,3,2,1,0,0,0,0,4,0,0,0
1,0,0,5,0,0,1,2,0,0,2,0,0,0,0,0,0,0,0,0
8,0,0,17,3,0,1,1,4,2,1,1,0,0,0,0,1,2,0,0
7,0,0,0,1,0,2,0,2,0,1,0,0,0,0,0,2,1,0,0
0,0,0,0,1,0,1,0,3,0,0,1,0,0,0,0,3,0,0,0
9,0,0,47,3,0,2,0,7,1,0,3,0,0,1,0,4,1,0,0
3,0,0,60,0,0,1,2,0,2,7,2,0,4,0,0,3,0,0,3
4,0,0,3,2,0,1,1,7,3,1,1,0,0,0,0,3,1,0,0
1,0,0,6,1,0,0,1,0,1,2,0,0,0,0,0,1,2,0,0
1,0,1,1,0,0,1,0,0,1,0,0,0,0,0,0,0,0,0,0
68,1,0,31,15,0,17,10,2,1,7,4,0,0,0,0,12,1,0,0
1,0,0,0,0,0,0,0,1,2,1,0,0,0,0,0,0,0,0,0
1,0,1,0,0,0,0,0,0,1,0,0,0,0,0,0,1,0,0,0
1,0,0,2,0,0,2,1,0,0,0,0,0,0,0,0,0,1,0,0
12,0,0,60,5,0,6,2,0,0,2,3,0,13,0,0,6,5,0,0
4,0,0,13,2,0,3,0,8,2,1,2,0,0,0,0,7,1,0,0
2,0,0,3,0,0,0,2,0,2,0,1,0,0,0,0,0,2,0,0
7,1,0,12,3,0,1,3,3,1,0,0,0,0,0,0,3,1,0,0
11,0,0,44,3,0,3,5,18,7,7,3,0,0,0,0,6,1,0,0
2,0,0,0,1,0,3,1,2,2,2,1,0,0,0,0,1,0,0,0
15,0,0,5,1,0,5,3,1,2,0,4,0,0,0,0,5,1,0,0
1,0,0,6,0,0,2,2,0,2,2,1,0,0,0,0,3,0,0,0
20,0,0,0,2,0,3,0,0,0,1,4,0,0,0,0,1,0,0,0
1,0,1,6,0,1,0,0,0,1,0,1,0,0,0,0,0,0,0,0
9,0,0,7,3,0,0,0,7,3,0,0,0,0,1,0,3,0,0,0
3,0,0,0,0,0,0,0,0,2,2,2,0,0,0,0,1,0,0,0
6,0,0,103,1,0,1,2,0,2,7,0,0,2,0,0,7,0,0,3
5,0,0,6,2,0,4,0,0,3,1,3,0,0,0,0,4,0,0,0
1,0,0,11,1,0,1,0,5,1,0,0,0,0,0,1,1,1,0,0
1,0,0,4,0,0,1,2,0,1,0,0,1,0,0,0,0,1,0,0
2,0,0,4,1,0,0,1,0,2,0,1,0,0,0,0,2,1,0,0
6,0,0,6,2,0,0,2,4,2,0,0,0,0,0,0,4,0,0,0
4,0,0,0,2,0,0,1,0,1,1,0,0,0,0,0,7,0,0,0
19,0,0,0,5,0,6,1,2,0,4,0,0,0,0,0,4,0,0,0
6,0,0,8,3,0,0,0,1,1,0,2,0,0,0,0,1,2,0,0
0,0,0,0,0,0,0,0,1,0,1,0,0,0,0,0,0,0,0,0
10,0,0,16,6,0,3,2,7,2,0,0,0,0,1,0,2,1,0,0
20,0,0,12,5,0,14,0,4,0,3,0,0,0,0,0,17,4,0,0
3,0,0,44,0,0,2,0,0,2,1,0,0,0,0,0,6,0,0,0
4,0,0,17,1,0,3,2,0,0,2,3,0,8,0,0,4,0,0,0
0,0,0,31,3,0,1,1,4,2,3,0,0,0,0,0,2,0,0,0
7,0,3,168,1,0,2,2,0,0,5,0,0,31,0,0,5,0,0,0
2,0,0,6,0,0,2,0,0,2,1,0,0,0,0,0,4,0,0,0
5,0,0,4,2,0,1,2,0,5,2,0,0,0,0,0,1,0,0,0
7,0,0,0,0,0,1,1,0,1,3,1,0,0,0,0,2,0,0,0
6,0,0,3,1,1,1,1,2,2,3,1,0,0,0,0,9,2,0,0
5,0,0,1,3,0,2,1,0,0,2,1,1,4,0,0,3,0,0,0
13,0,0,24,8,4,7,2,6,2,4,4,0,0,0,0,10,1,0,0
11,0,0,10,5,1,2,1,14,4,9,4,0,0,0,0,11,0,0,0
14,1,0,8,3,0,3,2,3,4,2,3,0,0,0,0,3,2,0,0
5,0,0,28,4,0,2,0,4,7,0,0,0,0,0,0,2,1,0,0
1,0,0,4,0,0,1,2,0,1,0,0,1,0,0,0,0,1,0,0
2,0,0,1,0,0,0,0,0,0,0,0,0,0,0,0,0,0,0,0
5,0,0,10,4,0,3,0,9,2,0,0,0,0,0,1,4,2,0,0
0,0,1,6,0,1,0,0,0,1,0,0,0,0,0,0,0,0,0,0
1,0,0,0,0,0,0,0,1,1,0,0,0,0,0,0,0,0,0,0
3,0,0,2,2,0,1,0,0,1,1,1,0,0,0,0,1,0,0,0
15,0,0,15,2,0,7,3,10,0,7,1,0,24,0,0,11,1,0,0
7,0,0,0,2,0,3,1,3,1,1,1,0,0,0,0,5,0,0,0
5,0,0,0,0,0,1,0,1,2,2,0,0,0,0,0,2,1,0,0
9,0,0,22,2,0,4,2,0,3,5,2,0,240,0,0,7,1,0,0
6,1,0,22,2,0,2,1,5,3,2,1,0,0,0,0,1,0,5,0
17,0,0,1,5,0,2,3,10,2,1,2,0,0,0,0,7,1,0,0
3,0,0,2,1,0,4,0,0,0,1,0,0,0,0,0,2,0,0,0
0,0,1,7,0,0,0,0,0,2,0,0,0,0,0,0,0,0,0,0
2,0,0,137,2,0,3,3,1,3,4,0,0,0,0,0,5,1,0,0
3,0,1,6,0,0,0,0,3,1,0,0,0,0,0,0,3,0,0,0
2,0,0,2,0,0,0,0,0,2,1,0,0,0,0,0,3,1,0,0
0,0,0,45,0,0,0,0,0,2,1,0,0,12,0,0,0,0,0,0
3,0,0,0,2,0,0,0,3,2,0,0,0,0,0,0,4,1,0,0
6,0,0,6,3,1,1,0,2,1,3,0,0,0,0,0,9,5,0,0
1,0,0,0,0,0,1,2,0,0,0,0,0,8,0,0,0,0,0,0
5,0,0,4,1,0,2,0,4,1,0,2,0,0,0,0,0,0,2,0
6,0,0,38,0,0,2,5,4,0,2,0,0,0,0,0,4,1,0,0
34,0,0,103,24,4,6,2,34,2,8,0,0,0,2,0,35,4,0,0
2,0,1,6,1,0,1,0,2,0,1,3,0,0,0,0,0,0,0,0
5,0,0,80,2,0,2,6,0,2,7,0,0,6,0,0,6,0,0,3
1,0,1,6,1,0,0,0,4,1,0,0,0,0,0,0,3,0,0,0
5,0,0,5,0,0,0,2,7,0,0,0,0,0,0,0,2,2,0,0
3,0,0,7,3,0,0,0,2,2,1,0,0,0,0,0,1,2,0,0
6,0,0,0,2,0,4,0,0,2,3,2,0,0,1,0,4,2,0,0
54,0,0,36,11,0,18,4,0,2,12,1,1,32,0,0,23,1,0,0
6,0,1,3,3,0,2,2,0,1,2,0,0,0,0,0,3,0,0,0
3,0,0,6,4,0,2,0,1,1,0,1,0,0,0,0,1,1,0,0
0,0,0,3,0,0,0,0,0,0,0,0,0,0,0,0,0,0,0,1
0,0,0,3,0,0,0,0,0,0,0,0,0,0,0,0,0,0,0,1
26,0,0,1,6,0,7,3,1,1,8,7,0,0,0,0,8,2,0,0
1,0,0,1,0,0,0,0,1,1,0,0,0,0,0,0,0,0,0,0
0,0,1,7,0,0,0,0,1,2,0,0,0,0,0,0,5,0,0,0
8,0,0,1,3,0,2,0,7,2,5,0,0,0,0,0,7,2,0,0
95,0,0,25,17,0,33,4,23,4,15,9,0,65,0,0,43,5,0,0
1,0,1,6,0,0,0,2,0,5,1,0,0,0,0,0,1,0,0,0
6,0,0,2,1,0,1,0,2,1,1,0,0,0,0,0,2,0,0,0
1,0,0,0,0,0,1,0,1,0,0,0,0,0,0,0,0,0,0,0
15,0,0,6,1,0,3,0,6,2,0,1,0,0,0,0,9,5,0,0
38,1,0,10,0,2,10,2,1,1,0,8,0,0,0,0,5,2,0,0
2,0,0,22,1,1,0,1,2,1,2,0,0,0,2,0,4,0,0,0
6,0,0,7,1,0,2,0,1,1,2,0,0,0,0,0,2,2,0,0
6,0,0,13,4,0,0,0,2,5,3,0,0,0,0,0,4,2,0,0
33,0,0,30,1,1,10,6,2,0,6,3,1,53,1,0,6,4,0,0
9,0,0,17,5,0,2,0,4,2,0,1,0,0,0,0,2,2,0,0
2,0,0,0,3,0,0,0,5,1,1,1,0,0,0,0,3,0,0,0
11,0,0,7,0,0,0,0,5,1,0,1,0,0,1,0,4,0,0,0
0,0,1,7,0,0,0,0,0,2,0,0,0,0,0,0,0,0,0,0
20,1,0,31,2,0,6,4,14,3,1,1,0,0,0,0,7,3,7,0
15,0,0,327,3,0,7,17,1,2,5,5,0,8,0,0,8,1,0,0
12,0,0,3,2,0,3,1,0,1,1,1,0,0,0,0,4,1,0,0
5,0,0,1,0,0,2,0,0,1,3,0,0,0,0,0,1,0,0,0
1,0,0,0,2,0,0,0,5,5,0,0,0,0,0,0,1,0,0,0
0,0,0,0,0,0,1,0,0,0,1,0,0,0,0,0,1,0,0,5
0,0,0,15,4,0,1,2,0,4,2,3,0,0,0,0,0,0,0,0
10,0,0,15,3,0,2,1,2,4,1,0,0,0,0,0,7,1,0,0
8,0,1,7,0,0,3,0,0,1,0,0,0,0,0,0,1,0,0,0
4,0,0,0,2,0,0,0,3,1,0,0,0,0,0,0,3,0,0,0
3,0,0,3,1,1,2,0,1,0,0,0,0,0,0,0,0,0,0,0
9,0,0,10,3,0,8,0,11,1,1,2,0,0,0,1,6,0,0,0
1,0,1,0,0,0,0,0,0,1,0,0,0,0,1,0,1,0,0,0
1,0,1,6,1,0,1,0,0,1,1,0,0,0,0,0,0,0,0,0
12,0,0,2,2,5,2,1,4,2,2,2,0,0,0,0,3,0,0,0
4,0,0,3,2,0,2,0,4,0,0,0,0,0,0,0,1,0,0,0
29,0,0,11,1,3,10,1,2,7,2,1,0,0,0,0,24,1,0,0
3,0,0,8,4,0,1,0,0,1,3,0,0,16,0,0,2,2,0,0
17,0,0,108,5,0,6,3,0,0,4,4,0,33,1,0,16,1,0,0
14,0,0,4,4,0,1,0,4,4,1,2,0,0,0,0,5,1,0,0
5,0,0,0,1,0,0,0,1,2,1,2,0,0,0,0,3,0,0,0
1,0,0,0,0,0,0,0,2,2,2,0,0,0,0,0,1,0,0,0
6,0,0,2,4,0,2,0,1,1,1,0,0,0,1,0,1,0,0,0
7,0,0,0,1,0,2,0,0,3,3,2,0,0,1,0,5,2,0,0
3,0,0,3,1,0,0,0,0,0,0,0,0,0,0,0,2,0,0,0
116,4,0,19,34,0,13,8,8,280,19,16,0,242,2,0,41,14,0,3
0,0,0,0,0,0,0,0,0,0,0,0,0,0,0,0,0,0,0,0
0,0,0,1,0,0,0,0,0,0,0,0,0,0,0,0,0,0,0,0
5,0,1,6,2,0,1,2,4,3,2,1,0,0,0,0,4,0,0,0
2,0,1,7,2,0,0,0,1,2,1,1,0,0,0,0,1,0,0,0
24,0,0,12,2,0,3,3,15,0,7,4,1,0,0,0,8,1,0,0
5,0,0,4,0,0,1,1,1,0,1,1,0,0,0,0,3,0,0,0
2,0,0,0,1,0,0,0,1,2,0,0,0,0,0,0,0,0,0,0
12,0,0,2,1,0,3,1,1,2,3,1,0,0,0,0,9,2,0,0
1,0,0,12,0,0,1,2,0,0,1,2,0,11,0,0,1,0,0,0
0,0,0,8,1,0,3,2,0,0,2,0,0,25,0,0,0,0,0,0
3,0,0,16,2,0,0,3,15,3,1,0,0,0,4,0,4,2,0,0
11,0,0,5,2,0,1,1,0,0,2,1,0,0,2,0,4,3,0,0
5,0,0,0,0,0,0,0,0,1,2,1,0,0,0,0,0,0,0,0
8,1,0,20,2,0,6,1,1,3,2,2,0,0,0,0,2,2,0,0
25,0,0,23,7,1,4,0,2,4,6,1,0,0,0,0,8,2,0,0
3,0,0,5,1,0,0,0,1,2,0,0,0,0,0,0,1,1,0,0
37,0,0,144,25,0,7,28,8,23,7,2,0,0,0,0,12,4,0,0
5,0,0,9,2,0,2,1,8,1,2,1,0,0,0,0,1,1,0,0
34,0,0,16,6,0,4,3,6,1,0,3,0,0,0,0,21,0,0,0
2,0,0,36,0,0,1,2,0,2,7,2,0,1,0,0,3,0,0,3
5,0,0,1,0,0,2,0,7,1,2,0,0,0,0,0,1,0,3,0
2,0,0,48,4,0,4,2,8,1,1,4,0,0,0,0,16,0,0,0
3,0,0,11,0,1,0,0,2,1,0,0,0,0,1,0,3,0,0,0
4,0,0,4,2,0,2,1,0,0,2,0,0,0,0,1,1,0,0,0
8,0,0,13,5,1,3,1,11,2,1,2,0,0,1,0,6,3,0,0
5,0,0,6,0,1,1,0,2,0,0,0,0,0,0,0,1,0,0,0
6,0,0,2,1,0,2,1,0,0,0,0,0,0,0,0,4,0,0,0
53,1,0,5,24,2,13,2,2,1,9,2,0,0,0,0,26,2,0,0
9,0,0,3,3,1,6,2,1,4,2,1,0,0,0,0,5,1,0,0
17,0,1,198,3,0,2,3,0,2,5,1,1,40,0,0,6,3,0,0
2,0,0,15,2,0,0,1,0,2,1,0,0,0,0,0,0,1,0,0
6,0,0,0,1,4,4,0,2,1,1,0,0,0,1,1,10,1,0,0
7,0,0,15,3,0,3,2,0,6,4,3,0,0,0,0,1,1,0,0
5,0,0,7,2,0,2,0,0,1,2,1,0,0,0,0,1,2,0,0
3,0,0,1,1,0,2,0,2,1,0,0,0,0,0,0,4,0,0,0
4,0,0,9,1,0,1,0,0,0,0,0,0,0,0,0,5,0,0,0
8,0,0,502,10,0,4,2,6,0,1,1,0,2,0,0,2,0,0,0
0,0,0,0,0,1,0,0,0,3,2,0,0,0,0,1,1,0,0,0
3,0,0,7,2,0,0,1,6,1,2,1,0,0,1,0,3,1,0,0
0,0,1,2,1,0,0,0,0,2,0,0,0,0,0,0,1,0,0,0
6,0,0,2,1,0,2,2,0,0,0,0,0,0,0,0,4,0,0,0
80,0,0,28,7,2,31,6,29,1,7,7,0,0,0,0,40,4,0,0
19,1,0,12,1,0,3,4,0,3,5,4,1,0,0,0,7,2,0,0
6,0,0,5,4,0,0,0,2,1,0,1,0,0,0,0,4,1,0,0
1,0,1,10,0,0,1,0,0,2,0,0,0,0,0,0,0,0,0,0
5,0,0,2,0,0,1,0,1,1,0,0,0,0,0,0,2,0,0,0
3,0,0,6,3,0,3,1,0,1,2,0,0,0,0,0,5,2,0,0
1,0,0,1,0,0,0,0,0,0,0,0,0,0,0,0,0,0,0,0
9,0,1,14,4,0,3,0,0,2,0,2,0,0,1,0,5,2,0,0
11,0,0,7,3,1,7,6,5,4,8,1,0,0,0,0,10,4,0,0
0,0,0,8,0,0,1,0,0,0,1,2,0,0,0,0,2,0,0,24
9,1,0,10,2,0,0,1,0,3,1,1,0,0,0,0,2,1,0,0
13,0,0,7,3,0,4,0,2,5,6,1,0,0,0,0,6,2,0,0
13,0,0,2,1,0,0,3,1,2,0,0,0,0,0,0,5,0,0,0
6,0,0,7,1,0,2,2,1,6,4,0,0,0,0,0,4,3,0,0
7,0,0,3,0,0,6,1,0,1,1,0,0,0,0,0,5,0,0,0
10,0,0,5,3,0,4,1,9,2,4,0,0,0,0,0,13,2,0,0
19,0,0,36,6,0,10,2,0,0,8,1,0,3,0,0,10,3,0,0
4,0,0,2,0,0,1,0,3,1,1,1,0,0,0,0,0,0,2,0
2,0,0,3,0,0,0,2,0,2,0,0,0,0,0,0,1,0,0,0
0,0,1,6,0,0,0,0,0,1,0,0,0,0,0,0,0,0,0,0
3,0,0,7,0,1,1,0,1,1,0,0,0,0,0,0,0,0,0,0
6,0,0,22,3,1,2,1,4,1,2,0,0,0,0,0,2,1,0,0
246,0,0,35,42,13,85,10,10,3,12,7,0,0,4,0,83,19,0,0
0,0,0,6,1,0,0,0,4,2,0,0,0,0,0,0,6,0,0,0
8,0,0,6,2,0,0,1,1,1,3,0,0,0,0,0,0,1,0,0
20,0,0,28,9,1,10,3,19,1,7,0,0,0,0,1,13,2,0,0
1,0,1,6,0,0,0,0,0,1,0,0,0,0,0,0,0,0,0,0
0,0,0,5,1,0,0,0,3,1,0,0,0,0,0,0,0,1,0,0
51,1,0,10,13,0,5,4,33,1,1,5,0,0,0,0,27,4,0,0
8,0,0,21,4,0,5,0,6,0,1,3,0,0,0,0,11,3,0,0
6,0,1,17,2,0,3,0,2,4,1,0,0,0,0,0,1,0,0,0
5,0,1,19,3,0,0,0,5,4,0,0,0,0,1,0,1,2,0,0
9,0,0,4,7,0,8,0,10,2,3,2,0,0,0,0,9,0,0,0
0,0,0,10,3,0,0,0,2,1,0,1,0,0,0,0,4,2,0,0
23,0,0,7,2,12,17,2,0,1,3,2,0,0,0,0,14,0,0,0
3,0,0,31,3,0,3,0,0,0,1,0,0,0,1,0,3,6,0,0
23,0,0,3,2,0,3,1,6,0,2,5,0,0,1,0,12,3,0,0
0,0,1,0,0,0,0,0,0,1,0,0,0,0,0,0,0,0,0,0
3,0,0,5,1,1,1,0,2,2,1,1,0,0,0,0,1,0,0,0
0,0,0,8,3,0,1,2,0,2,3,3,0,0,0,0,0,0,0,0
0,0,0,4,1,0,0,1,0,1,0,2,0,47,0,0,2,4,0,0
5,0,0,8,0,0,1,1,4,2,1,1,0,0,0,0,0,0,0,0
4,0,0,5,1,0,0,0,0,0,0,3,0,0,0,0,2,0,0,0
0,0,0,1,0,0,0,0,0,2,2,1,0,0,0,0,0,0,0,0
2,0,1,0,0,0,3,1,1,5,2,0,0,0,0,0,2,0,0,0
6,0,0,10,2,1,1,1,0,2,0,1,0,0,0,0,1,0,1,0
1,0,0,9,0,1,0,2,0,0,1,1,0,2,0,0,1,1,0,0
3,1,0,48,1,0,0,0,4,4,3,1,0,0,0,0,2,1,0,0
29,0,0,44,15,0,16,3,17,24,5,0,0,0,0,0,19,8,0,0
2,0,0,1,0,0,3,0,0,3,0,0,0,0,0,0,3,1,0,0
0,0,0,2,0,0,0,0,0,4,0,0,0,0,0,0,0,0,0,0
1,0,0,0,0,0,0,0,0,0,0,0,0,0,0,0,2,0,0,0
9,0,0,48,3,0,2,0,0,2,3,3,0,0,0,1,9,1,0,0
52,0,0,19,18,0,13,5,31,0,13,2,0,0,2,0,24,4,0,0
49,1,0,17,6,1,14,6,0,1,6,6,0,0,0,0,22,2,0,0
3,0,0,15,2,0,1,1,0,1,2,0,0,0,0,0,1,0,0,0
20,0,1,4,2,0,7,1,5,3,2,0,0,0,0,0,8,4,0,0
9,0,0,6,2,0,2,1,6,2,3,0,0,0,0,0,2,3,0,0
0,0,1,6,0,0,0,0,0,1,0,0,0,0,0,0,0,0,0,0
8,0,0,0,4,0,4,0,0,1,1,0,0,0,0,0,5,0,0,0
111,2,2,64,46,0,14,9,58,25,26,20,0,80,2,2,64,13,0,0
2,0,0,0,1,1,0,0,7,1,0,0,0,0,0,0,2,0,0,0
6,0,0,6,5,0,0,1,4,2,2,5,0,0,0,0,8,1,0,0
11,0,0,8,5,0,3,1,20,4,6,0,0,0,0,0,4,4,0,0
2,0,0,0,1,0,0,2,6,1,0,0,0,0,0,0,6,0,0,0
8,0,0,119,2,0,15,16,6,3,3,0,0,0,0,0,3,1,0,0
14,0,0,13,2,0,3,2,1,3,2,0,0,0,0,0,4,0,0,0
40,1,0,67,7,0,13,1,30,1,9,5,0,0,0,0,20,0,9,0
3,0,0,4,1,1,1,0,3,1,0,0,0,0,0,0,5,0,0,0
3,0,0,21,5,1,5,4,5,1,9,1,0,11,0,0,20,0,0,3
6,0,1,5,1,0,0,0,4,3,1,0,0,0,0,0,0,1,0,0
8,0,0,4,1,2,0,0,0,1,0,1,0,0,0,0,7,0,0,0
1,0,0,24,1,0,4,2,0,0,0,0,0,0,0,0,1,0,0,0
9,2,0,20,1,0,2,3,0,2,0,1,0,0,0,0,14,0,0,0
4,0,0,3,2,0,1,0,0,2,1,0,0,0,0,0,5,0,0,0
2,0,1,6,0,1,2,0,0,4,0,0,0,0,0,0,1,0,0,0
3,0,0,21,1,1,1,1,0,1,0,1,0,2,0,0,2,1,0,0
25,0,0,13,4,0,5,1,6,3,3,3,0,0,0,0,11,1,0,0
3,0,0,7,0,1,1,1,0,1,0,0,0,0,1,0,1,0,0,0
6,0,0,2,0,2,2,1,2,1,0,0,0,0,0,0,6,1,0,0
1,0,0,0,1,0,0,0,0,2,1,0,0,0,0,0,1,0,0,0
4,0,0,2,4,2,1,4,9,1,3,3,0,0,1,0,7,0,0,0
2,0,0,2,2,2,2,0,1,1,0,0,0,0,0,0,1,0,0,0
3,0,0,372,0,0,0,0,0,0,2,1,0,0,0,0,12,0,0,0
4,0,0,5,3,0,2,0,1,2,1,0,0,0,0,0,1,0,0,0
3,0,0,4,2,0,3,0,4,0,2,0,0,0,0,0,3,0,0,0
0,0,1,6,0,0,0,0,0,1,0,0,0,0,0,0,0,0,0,0
6,0,0,0,0,0,0,0,2,0,1,1,0,0,0,0,3,0,0,0
5,0,0,1,3,0,2,1,0,0,2,0,0,0,0,0,0,0,0,0
1,0,0,23,1,0,0,0,2,1,1,0,0,0,0,0,2,1,0,0
1,0,0,4,1,0,0,0,5,0,0,0,0,0,0,0,1,2,0,0
4,0,0,4,1,0,4,0,1,0,1,1,0,0,0,0,1,1,0,0
7,0,0,19,2,0,2,1,5,7,1,0,0,0,1,0,3,0,0,0
9,0,0,3,1,0,4,0,1,1,0,3,0,0,0,0,4,0,0,0
12,0,0,0,0,0,7,1,1,3,2,0,0,0,0,0,4,1,0,0
417,8,0,42,63,32,133,14,32,1,22,10,0,0,1,0,146,27,0,0
8,0,0,3,2,0,5,2,9,1,0,1,0,0,0,0,9,1,0,0
10,0,0,0,2,0,2,1,6,1,0,2,0,0,0,0,7,0,0,0
10,0,0,35,7,0,3,2,0,14,9,3,0,0,0,0,2,8,0,0
5,0,0,18,0,0,4,0,7,2,1,1,0,0,1,0,4,0,0,0
12,0,0,6,2,0,2,1,0,1,1,1,0,0,0,0,1,1,2,0
3,0,0,0,1,0,0,2,2,0,0,0,0,0,0,0,1,0,0,0
5,0,0,0,1,1,0,1,4,2,1,1,0,0,0,0,1,0,0,0
3,0,0,1,1,0,5,2,0,2,4,0,0,0,0,0,4,2,0,0
119,0,0,99,16,7,44,23,0,8,5,5,0,0,1,1,36,18,0,0
1,0,0,1,0,0,0,0,0,2,1,0,0,0,0,0,0,0,0,0
2,0,0,0,0,0,1,1,1,0,0,0,0,0,0,0,1,1,0,0
3,0,0,1,1,1,2,1,6,2,2,0,0,0,0,0,2,0,0,0
35,0,0,5,2,1,18,5,13,1,13,2,0,0,0,0,10,0,0,0
2,0,0,0,0,0,0,0,0,2,0,0,0,0,0,0,0,0,0,0
41,0,0,1,6,2,7,3,11,1,2,0,0,0,1,0,16,2,0,0
14,0,0,3,0,0,4,1,7,0,0,3,0,23,0,0,3,0,0,0
1,0,1,6,0,1,1,1,0,1,0,0,0,0,0,0,0,0,0,0
5,0,0,3,2,0,1,0,0,3,0,3,0,0,0,0,3,0,0,0
39,0,0,126,10,0,13,2,0,2,7,4,0,17,0,0,13,8,0,3
9,0,0,2,2,0,3,0,1,1,0,1,0,0,1,0,2,1,0,0
1,0,1,1,0,0,0,0,0,1,0,1,0,0,0,0,0,0,0,0
10,0,0,0,3,0,0,0,8,2,0,2,0,0,0,0,2,1,0,0
13,1,0,49,3,0,4,18,13,3,1,0,0,0,0,0,3,2,11,0
17,0,0,18,3,0,11,1,6,1,3,0,0,0,0,0,18,2,0,0
12,0,1,23,4,0,6,3,2,4,1,2,4,0,0,0,5,0,0,0
2,1,0,2,2,0,0,0,0,4,2,1,0,0,0,0,0,0,0,0
5,0,0,2,1,0,0,2,0,0,0,1,0,6,0,0,3,0,0,0
2,0,0,18,4,0,4,3,0,9,5,3,0,0,0,0,0,2,0,0
47,0,0,172,26,0,25,7,34,0,17,7,0,0,0,0,52,10,0,0
3,0,0,3,3,0,1,0,6,0,0,0,0,0,0,0,3,1,0,0
6,0,0,2,0,0,3,0,3,0,1,2,0,0,0,0,0,0,0,0
1,0,0,0,1,0,0,0,1,2,0,0,0,0,0,0,0,0,0,0
0,1,0,13,1,0,1,1,4,1,0,2,0,0,0,0,2,0,5,0
4,0,0,3,2,1,1,1,1,1,0,1,0,0,0,0,4,0,0,0
3,0,0,6,0,1,1,0,3,2,1,3,0,0,0,0,4,0,0,0
38,0,0,12,13,0,9,4,26,1,11,2,0,0,1,0,18,2,0,0
7,0,0,2,0,0,1,2,0,2,1,2,0,0,0,0,2,1,0,0
0,0,1,6,0,0,0,0,0,1,0,0,0,0,0,0,0,0,0,0
4,0,0,0,1,0,0,1,7,1,1,1,0,0,0,0,2,0,0,0
11,0,0,38,3,0,6,2,3,5,4,1,0,0,0,0,5,3,0,0
5,0,0,6,0,0,2,1,1,1,1,2,0,0,0,0,0,1,1,0
8,0,0,5,1,0,5,1,3,1,0,1,0,0,0,0,3,1,0,0
1,0,0,106,0,1,1,0,2,1,1,1,0,0,0,0,3,0,0,4
6,0,0,5,1,0,3,1,0,0,1,0,0,74,0,0,1,0,0,0
4,0,0,5,3,0,0,0,0,2,0,0,0,0,0,0,2,1,0,0
13,0,0,5,4,0,8,2,7,2,7,1,0,0,0,0,12,2,0,0
0,0,0,8,3,0,1,2,0,2,3,3,0,0,0,0,0,0,0,0
6,0,0,4,3,0,2,0,7,2,3,0,0,0,0,0,2,1,0,0
4,0,0,8,0,0,1,0,0,7,1,1,0,0,0,0,1,0,0,0
5,0,0,1,4,0,3,0,0,4,4,0,0,0,0,0,1,2,0,0
8,0,0,53,0,0,5,0,1,0,0,1,0,0,0,0,1,0,0,0
3,0,0,0,4,0,3,0,2,0,3,4,0,0,0,0,4,0,0,0
17,2,0,2,2,0,8,1,4,1,3,2,0,0,0,0,7,5,0,0
0,0,0,2,1,0,3,2,0,4,0,1,0,0,0,0,4,0,0,0
16,0,0,0,2,1,5,0,3,1,1,0,0,0,0,0,3,0,0,0
1,0,0,2,0,0,1,0,2,2,4,0,0,0,0,0,3,0,0,0
2,0,0,6,2,0,1,1,0,0,0,0,0,0,0,0,3,0,0,0
1,0,1,0,0,0,0,1,2,4,1,3,0,0,0,0,1,0,0,0
0,0,0,7,1,0,1,0,5,2,1,1,0,0,0,0,0,0,0,0
7,0,0,9,1,0,0,1,2,4,2,0,0,0,0,0,2,2,0,0
6,0,0,7,5,0,4,2,0,0,3,0,0,27,0,0,10,0,0,0
4,0,0,2,2,1,0,0,0,1,1,0,0,0,0,0,2,0,0,0
3,0,0,1,0,0,1,0,5,2,2,1,0,0,0,0,4,0,0,0
0,0,0,16,1,0,1,1,0,0,1,0,0,9,0,0,3,0,0,0
10,0,0,11,3,0,3,1,8,6,7,1,0,0,0,0,10,1,0,0
7,0,0,2,3,0,2,1,10,1,2,2,0,0,0,0,2,0,4,0
31,0,0,15,5,0,11,4,18,3,7,3,0,0,0,0,20,6,0,0
40,0,0,15,8,0,13,6,0,3,16,4,0,0,1,0,11,6,0,0
4,0,0,1,0,1,1,1,0,3,3,0,0,0,1,0,3,1,0,0
1,0,0,0,0,1,0,0,2,2,1,1,0,0,1,0,2,0,0,0
3,0,0,16,7,0,2,2,0,7,9,5,0,0,0,0,8,3,0,0
21,0,0,2,6,0,6,1,7,1,1,0,0,0,2,0,4,0,0,0
0,0,0,0,0,0,0,0,0,2,1,0,0,0,0,0,0,0,0,0
2,0,0,6,1,0,0,1,0,1,0,0,0,0,0,0,1,0,1,0
5,0,0,5,1,0,2,2,3,1,1,2,0,0,0,0,2,1,0,0
14,0,0,186,1,0,3,13,9,2,4,2,0,0,0,0,4,0,7,0
6,0,0,9,2,1,4,1,3,2,2,0,0,0,0,0,3,1,0,0
3,0,0,12,0,0,1,0,2,2,0,0,0,0,1,0,1,0,0,0
34,2,0,15,11,5,9,3,0,1,1,2,0,12,0,0,18,4,0,0
4,0,0,8,0,0,1,0,0,6,1,1,0,0,0,0,1,0,0,0
5,0,0,1,7,0,7,1,0,0,3,0,0,0,0,0,4,2,0,0
5,0,0,6,2,0,4,0,0,3,1,3,0,0,0,0,4,0,0,0
1,1,0,2,0,0,2,0,0,0,2,1,1,0,0,0,1,1,0,0
4,0,0,5,2,0,4,1,5,2,7,0,0,0,0,0,7,2,0,0
1,0,0,1,1,0,0,0,2,3,0,0,0,0,1,0,1,0,0,0
0,0,1,6,0,0,0,0,0,5,0,1,0,0,0,0,0,0,0,0
1,0,0,4,1,0,3,0,1,1,0,0,0,0,0,0,3,0,0,0
2,0,0,23,2,1,0,0,2,2,0,0,0,0,1,0,4,2,0,0
33,0,0,8,12,0,4,1,4,0,3,1,0,0,0,0,16,2,0,0
2,0,0,8,0,0,1,0,0,1,0,0,0,0,0,0,2,0,1,0
2,0,0,0,1,0,0,0,0,1,0,1,0,0,0,0,2,0,0,0
3,0,0,68,1,0,1,3,0,2,7,0,0,4,0,0,3,0,0,3
1,0,0,5,5,0,3,0,3,3,0,0,0,0,0,0,3,2,0,0
1,0,0,5,2,0,0,0,0,1,0,0,0,0,0,0,0,1,0,0
4,0,0,8,2,0,4,2,13,1,2,4,0,0,0,0,4,1,5,0
0,0,0,1,0,0,0,1,0,0,0,0,0,3,0,0,0,0,0,0
8,0,0,0,1,0,0,1,7,1,1,4,0,0,0,0,3,0,0,0
11,1,0,31,2,0,3,1,7,3,2,1,0,0,0,0,6,0,6,0
5,0,0,7,2,0,3,1,4,1,0,0,0,0,0,0,9,0,0,0
3,0,0,0,0,0,0,0,3,1,0,1,0,0,0,0,2,0,0,0
42,0,0,16,16,0,14,8,0,6,9,0,0,0,0,0,30,4,0,0
10,0,0,4,2,0,7,0,6,0,0,3,0,0,0,0,8,0,0,0
2,0,0,122,0,0,2,0,0,3,1,1,0,1,0,0,10,0,0,3
40,0,0,16,7,2,12,4,2,1,0,1,0,12,0,0,15,4,0,0
1,0,0,4,2,0,2,0,0,1,0,0,0,0,0,0,2,1,0,0
1,0,0,6,1,0,1,2,8,1,0,3,0,0,0,0,0,0,3,0
3,0,0,0,0,0,0,0,0,0,1,0,0,0,0,0,0,0,0,0
14,0,0,7,1,0,2,2,14,0,0,0,0,55,0,0,6,2,0,0
0,0,0,3,0,0,0,0,0,0,0,0,0,0,0,0,0,0,0,1
4,0,0,9,0,0,2,2,0,0,1,1,0,3,0,0,4,0,0,0
12,0,0,5,2,0,5,1,4,1,1,0,0,0,0,0,17,2,0,0
3,0,0,5,3,1,1,0,1,0,0,1,0,0,0,0,1,1,0,0
2,1,0,0,0,0,1,0,0,2,2,0,0,0,0,0,1,1,0,0
0,0,0,2,2,0,1,0,5,1,1,1,0,0,0,0,2,0,0,0
2,0,0,22,4,0,5,1,2,2,2,0,1,0,0,0,3,0,0,0
0,0,0,5,1,0,0,0,1,1,0,0,0,0,0,0,1,1,0,0
19,0,0,4,3,0,5,1,0,1,1,0,0,0,1,1,7,0,0,0
12,0,0,16,2,0,2,4,0,1,2,0,0,0,0,0,10,13,0,0
9,0,0,689,2,1,3,2,0,1,2,0,0,7,0,0,6,1,0,0
26,0,0,2,1,6,9,6,5,1,4,7,0,0,0,0,10,0,0,0
2,0,1,6,2,1,2,0,0,1,0,0,0,0,0,0,2,0,0,0
0,0,0,270,0,0,0,0,0,3,1,0,0,0,0,0,0,0,0,0
2,0,0,1,0,0,0,1,0,0,0,0,0,10,0,0,0,0,0,0
189,1,0,58,30,3,80,9,3,1,12,4,1,0,1,0,67,12,0,0
9,0,0,9,3,0,3,1,7,2,0,0,0,0,0,0,3,4,0,0
7,0,0,12,7,0,1,2,6,5,1,0,0,0,0,0,4,1,0,0
4,0,0,0,0,0,3,1,0,3,1,1,0,0,1,0,3,2,0,0
1,0,0,0,0,0,0,0,2,1,0,0,0,0,0,0,2,1,0,0
10,0,0,9,0,0,3,3,0,2,3,1,0,0,0,0,8,2,0,0
30,0,1,15,9,1,8,4,1,1,3,0,0,0,0,0,6,5,0,0
15,0,1,2,5,0,4,2,16,1,3,1,1,0,0,0,18,2,0,0
19,0,0,37,6,0,10,2,0,0,7,0,0,21,0,0,14,2,0,0
4,0,0,24,1,0,1,0,0,0,1,2,0,0,0,0,5,0,0,0
6,0,0,29,0,0,1,1,0,0,0,1,0,1,0,0,2,4,0,0
13,0,0,57,2,0,5,2,0,0,3,4,0,0,0,0,9,1,0,0
2,0,0,3,3,0,1,2,0,0,1,1,0,12,0,0,1,1,0,0
5,0,1,6,1,0,0,0,2,1,0,0,0,0,0,0,0,1,0,0
4,0,0,2,0,0,4,1,3,0,0,1,0,0,0,0,2,0,0,0
1,0,1,0,0,0,0,1,0,1,0,0,0,0,0,0,1,0,0,0
19,0,0,3,4,2,7,2,6,1,0,3,0,0,1,0,5,0,0,0
6,0,0,37,4,0,8,0,7,1,1,1,0,0,1,0,13,3,0,0
2,0,0,0,0,0,4,1,0,2,0,2,0,0,0,0,5,2,0,0
0,0,0,0,0,0,0,0,3,2,2,1,0,0,0,0,4,0,0,0
6,0,0,2,1,0,1,2,5,1,1,2,0,0,0,0,2,1,4,0
5,0,0,4,0,0,3,2,0,0,1,0,0,0,0,0,0,0,0,0
15,1,1,52,4,0,5,1,5,17,1,2,0,0,1,0,8,0,0,0
23,2,0,33,6,0,19,0,8,0,1,4,0,34,2,0,18,0,0,3
1,0,1,6,0,0,3,0,0,1,0,0,0,0,0,0,2,0,0,0
3,0,0,7,0,0,5,2,0,1,3,0,0,0,0,0,2,2,0,3
1,0,1,6,0,1,0,0,0,1,0,0,0,0,0,0,0,1,0,0
2,0,0,5,1,0,0,0,0,1,0,0,0,0,0,0,0,1,0,0
5,0,0,19,1,0,6,6,0,0,9,3,0,5,0,0,6,3,0,0
1,0,0,0,0,0,1,0,1,2,2,0,0,0,0,0,2,0,0,0
6,0,0,0,1,0,2,1,2,0,0,0,0,0,0,0,4,0,0,0
0,0,0,1,0,0,1,0,0,0,1,1,0,0,0,0,0,0,0,0
5,0,0,1,1,0,1,2,0,0,1,2,0,4,0,0,4,1,0,0
1,0,0,5,0,0,0,0,3,1,1,0,0,0,0,0,1,0,0,0
8,0,0,10,2,0,1,2,7,2,2,1,0,0,0,0,2,0,0,0
12,0,0,0,3,0,2,1,0,1,0,1,0,0,0,0,1,4,0,0
0,0,1,6,1,0,0,0,0,1,0,0,0,0,0,0,1,0,0,0
10,0,0,11,3,0,2,2,5,1,3,2,0,0,0,0,4,3,4,0
22,0,0,2,2,0,10,1,7,0,5,1,1,0,2,0,2,2,0,0
4,0,0,16,4,0,0,0,0,1,0,0,0,0,0,0,0,0,0,0
2,0,1,13,2,0,1,1,1,3,2,0,0,0,0,0,3,1,0,0
6,1,0,29,1,0,2,3,9,3,0,5,0,0,0,0,5,0,6,0
9,0,0,17,8,0,0,0,2,5,0,1,0,0,0,0,5,1,0,0
5,0,0,2,1,0,2,1,0,3,1,0,0,0,0,0,2,0,0,0
4,0,0,1,1,0,1,2,0,3,1,2,0,0,0,0,1,0,0,0
3,0,0,372,0,0,0,0,0,0,2,1,0,0,0,0,12,0,0,0
3,0,1,6,1,0,0,1,2,4,0,0,0,0,0,0,0,0,0,0
6,0,0,7,7,0,2,0,5,1,0,1,0,0,0,0,0,1,0,0
1,0,0,3,0,0,0,1,0,2,0,0,0,0,0,0,1,0,0,0
4,0,0,1,2,0,2,0,0,2,1,1,0,0,0,0,1,0,0,0
5,0,0,12,2,0,3,1,6,1,0,0,0,0,0,0,1,3,0,0
1,0,0,1,2,0,0,1,0,0,0,0,0,84,0,0,0,0,0,0
7,0,0,11,2,0,0,2,3,1,0,0,0,0,1,0,5,0,0,0
0,0,0,38,0,0,0,0,3,2,2,0,0,0,0,0,1,0,0,0
9,0,0,2,2,0,5,4,6,1,0,0,0,0,0,0,4,0,4,0
6,0,0,0,2,2,5,0,3,1,0,0,0,0,0,0,6,1,0,0
27,0,0,11,8,0,3,1,8,1,4,0,0,8,1,0,15,3,0,0
3,0,0,2,0,1,3,0,14,4,4,7,0,0,1,0,3,0,0,0
0,0,0,10,0,0,0,1,0,0,0,1,0,0,0,0,2,0,0,0
9,0,0,3,1,0,1,0,8,1,4,2,0,0,0,0,9,0,0,0
5,0,0,14,0,0,6,0,5,0,4,1,0,0,0,0,2,0,0,0
5,0,0,8,2,0,4,1,1,0,2,1,0,0,0,0,4,1,0,0
10,0,0,18,1,0,1,2,4,2,6,1,0,3,0,0,1,2,0,3
1,0,0,9,0,1,0,2,0,0,1,1,0,2,0,0,1,1,0,0
0,0,0,3,0,0,0,0,0,0,0,0,0,0,0,0,0,0,0,1
7,0,0,1,2,3,6,0,6,0,0,0,0,0,0,0,14,0,0,0
3,0,0,14,0,0,3,3,0,0,4,1,0,9,0,0,3,0,0,0
2,0,0,5,1,0,1,0,0,1,0,0,0,0,0,0,1,1,0,0
12,0,0,5,1,0,6,4,0,2,1,2,0,0,0,0,6,1,0,0
10,0,0,6,3,0,4,0,7,0,1,3,0,0,1,0,6,0,0,0
4,0,0,4,3,0,0,0,5,1,2,1,0,0,0,0,2,0,0,0
21,0,0,19,11,0,5,0,5,0,0,2,0,0,0,0,5,2,0,0
5,0,0,5,0,0,3,1,2,1,0,1,1,0,0,0,1,0,0,0
16,0,0,3,2,0,5,3,8,0,1,2,0,0,0,0,6,1,0,0
0,0,0,1,0,0,1,0,0,0,1,1,0,0,0,0,0,0,0,0
11,0,0,2,2,0,5,1,2,0,2,1,0,0,0,0,11,0,0,0
7,0,0,28,7,0,4,1,1,4,4,5,0,0,0,1,6,1,0,0
4,0,0,20,0,0,2,1,1,1,2,1,1,4,0,0,5,0,0,0
0,0,0,12,0,0,0,0,2,2,3,0,0,0,0,0,0,1,0,0
6,0,0,18,2,1,1,1,6,3,2,0,0,0,0,0,1,0,0,0
1,0,0,4,2,0,0,0,0,1,0,0,0,0,0,0,0,0,0,0
0,0,0,0,0,1,0,0,6,1,0,0,0,0,0,0,3,0,0,0
2,0,0,62,0,0,1,2,0,2,7,2,0,4,0,0,1,0,0,3
1,0,0,0,0,0,0,0,2,2,0,0,0,0,0,0,0,0,0,0
6,0,0,1,1,0,6,0,1,0,1,0,0,0,0,0,1,1,0,0
3,0,0,4,1,0,0,0,0,0,0,0,0,0,0,0,0,1,0,0
110,0,0,40,28,4,46,16,12,0,11,15,0,0,0,0,53,9,0,0
2,0,0,6,0,0,0,0,0,0,0,0,0,0,0,0,1,0,0,0
4,0,0,0,0,0,1,1,0,0,1,0,0,0,1,1,1,1,0,0
1,0,0,2,2,0,2,2,1,1,0,0,0,0,0,0,4,1,0,0
24,0,0,5,7,0,6,0,8,0,0,1,0,0,0,0,10,2,0,0
7,0,0,2,2,0,2,2,0,0,3,0,0,0,0,0,8,0,0,0
15,0,0,7,4,0,7,4,2,0,1,0,0,0,0,0,5,0,0,0
4,0,0,4,0,0,0,3,0,0,1,0,0,1,0,0,2,0,0,0
5,0,0,10,3,2,0,0,4,2,0,3,0,0,0,0,1,2,0,0
5,0,0,7,1,0,1,0,4,1,0,1,0,0,1,0,1,0,0,0
19,0,0,11,4,0,2,0,8,2,1,2,0,0,0,0,12,1,0,0
1,0,0,2,0,0,0,1,0,0,0,0,0,8,0,0,0,0,0,0
0,0,0,6,0,0,1,0,2,0,0,0,0,0,0,0,3,0,0,0
28,0,0,17,7,1,16,3,6,3,2,1,0,0,0,0,9,2,0,0
14,0,0,7,1,1,4,1,4,1,0,1,0,0,0,0,4,0,0,0
10,0,0,3,1,0,1,2,1,3,1,1,0,0,0,0,0,2,0,0
6,0,0,4,3,0,0,0,0,5,4,0,0,0,0,0,2,0,0,0
0,0,1,0,0,0,0,0,0,1,0,0,0,0,0,0,1,0,0,0
0,0,1,0,0,0,0,0,0,2,0,0,0,0,0,0,0,0,0,0
1,0,0,0,1,0,2,1,2,0,0,1,0,0,0,0,2,0,0,0
7,0,0,1,1,0,1,1,5,3,1,2,0,0,0,0,6,0,0,0
9,0,0,12,7,0,4,0,11,2,2,9,0,0,0,0,8,9,5,0
1,0,0,7,3,0,0,1,0,2,1,0,0,0,0,0,1,1,0,0
0,0,0,0,0,0,0,0,0,1,0,0,0,0,0,0,0,0,0,0
1,0,1,6,1,0,0,0,0,1,1,0,0,0,0,0,1,0,0,0
4,0,0,5,1,0,1,0,2,0,0,0,0,0,0,0,3,0,0,0
0,0,0,0,0,0,0,0,0,0,0,0,0,0,0,0,0,0,0,0
43,0,0,41,6,0,18,3,2,0,7,3,1,13,0,0,14,1,0,0
13,0,0,1,3,0,9,1,1,2,2,1,0,0,0,0,9,2,0,0
2,0,0,0,1,2,1,1,4,2,2,1,0,0,0,0,1,0,0,0
43,0,0,70,5,0,14,1,0,2,8,4,1,0,0,0,12,4,0,0
4,0,0,42,0,0,0,10,0,2,6,7,0,0,0,0,4,6,0,3
2,0,0,0,3,0,2,1,0,1,2,1,0,0,0,0,3,0,0,0
12,1,0,21,1,0,4,2,3,3,2,2,0,0,0,0,3,0,5,0
0,0,0,5,0,0,1,3,0,1,4,0,0,0,0,0,1,0,0,0
10,0,0,245,1,0,2,0,8,0,2,2,0,0,0,0,3,1,0,0
1,0,0,9,1,0,0,0,3,2,0,1,0,0,0,0,0,0,0,0
1,0,0,6,0,0,0,0,1,0,0,0,0,0,0,0,2,1,0,0
0,0,0,33,0,0,0,0,2,2,3,0,0,0,0,0,4,0,0,0
777,3,0,63,88,0,218,39,9,0,63,73,0,0,1,0,197,25,0,0
5,0,0,6,0,0,1,0,0,1,3,0,0,0,0,0,3,0,0,0
1,0,0,0,0,0,1,0,0,2,2,0,0,0,0,0,0,0,0,0
1,0,0,10,0,0,1,2,0,2,4,2,0,12,0,0,1,0,0,3
39,0,0,129,10,0,13,2,0,2,7,4,0,17,0,0,13,8,0,3
8,0,0,4,4,0,5,0,0,5,4,0,0,0,0,0,7,1,0,0
2,0,0,26,0,0,1,0,0,2,2,0,0,1,0,0,4,0,0,0
10,0,0,42,10,0,2,4,5,6,2,0,0,0,0,0,11,2,0,0
1,0,0,54,0,0,1,2,0,2,2,0,0,0,0,0,0,0,0,0
10,0,0,2,3,0,4,2,1,1,1,2,0,0,0,0,2,0,1,0
6,0,0,13,0,0,3,0,0,2,2,0,0,0,0,0,0,1,0,0
13,1,0,32,1,0,1,3,1,2,6,1,0,0,0,1,8,1,0,0
17,0,0,56,9,0,10,2,0,2,3,1,0,0,0,0,9,0,0,0
13,1,0,12,3,0,3,1,7,2,1,1,0,0,0,0,4,1,0,0
0,0,0,3,0,0,0,0,1,0,0,0,0,2,0,0,0,0,0,0
2,0,0,0,1,0,0,0,1,2,2,0,0,0,0,0,1,0,0,0
0,0,1,10,0,0,0,0,0,2,0,0,0,0,0,0,1,0,0,0
3,0,0,6,2,0,2,0,1,1,0,0,0,0,0,0,2,1,0,0
2,0,1,6,0,0,0,0,0,1,0,0,0,0,0,0,1,0,0,0
0,0,0,12,1,1,0,2,0,1,2,0,0,0,1,0,3,0,0,0
2,0,0,7,1,0,2,3,0,0,1,1,2,0,0,0,9,1,0,0
4,0,0,0,0,0,1,1,2,2,1,1,0,0,0,0,1,0,0,0
3,0,0,1,0,0,2,1,0,1,1,0,0,0,0,0,1,0,0,0
59,0,0,28,4,1,23,10,8,1,5,1,0,0,1,0,30,5,0,0
20,0,0,0,1,0,5,0,2,1,3,0,0,0,1,0,13,1,0,0
1,0,0,0,0,0,3,0,1,2,0,0,0,0,0,0,1,0,0,0
20,0,0,13,6,1,12,1,0,0,4,3,0,0,0,0,10,3,0,0
0,0,1,7,0,0,0,0,0,2,0,0,0,0,0,0,2,0,0,0
10,0,0,3,1,0,6,1,0,1,3,1,0,0,0,0,3,1,0,0
3,0,0,6,3,0,0,0,0,3,0,0,0,0,0,0,2,1,0,0
3,0,0,6,2,1,0,0,3,1,0,1,0,0,0,0,5,0,0,0
1,0,0,7,2,0,1,0,8,1,0,0,0,0,0,0,2,1,0,0
4,0,0,0,2,0,2,0,0,4,1,0,0,0,0,0,1,0,0,0
0,0,0,0,0,0,0,0,0,0,0,0,0,0,0,0,0,0,0,0
4,0,0,4,0,0,0,1,0,1,0,0,0,0,0,0,2,0,0,0
5,0,0,1,3,0,2,1,0,0,2,1,1,4,0,0,3,0,0,0
4,0,0,2,1,0,1,0,0,1,0,0,0,0,0,0,3,1,0,0
1,0,1,0,0,0,1,0,0,1,0,0,0,0,0,0,1,0,0,0
13,0,0,15,3,0,2,2,0,3,5,3,0,5,0,0,6,1,0,3
41,1,0,32,14,0,5,9,15,11,10,3,0,0,0,0,15,6,0,0
4,0,0,0,0,0,1,1,0,0,1,0,0,0,1,1,1,1,0,0
1,0,1,6,0,0,0,0,0,1,0,0,0,0,0,0,0,0,0,0
5,0,0,21,0,0,2,0,1,1,2,1,0,0,0,0,5,0,0,0
5,0,0,4,2,0,1,0,0,0,0,1,0,13,0,0,3,0,0,0
42,0,0,40,3,0,7,2,19,2,6,0,0,0,0,1,14,7,0,0
0,0,0,0,0,0,0,0,0,0,0,0,0,0,0,0,0,0,0,0
28,0,0,17,7,1,16,3,6,2,2,1,0,0,0,0,9,2,0,0
4,0,0,0,0,0,0,0,3,1,0,0,0,0,0,0,0,0,0,0
5,0,0,0,0,0,1,0,2,1,0,0,0,0,0,0,1,0,0,0
0,0,0,5,2,0,1,2,0,2,2,3,0,0,0,0,0,0,0,0
19,0,0,0,1,0,1,2,0,0,1,1,0,0,0,0,5,3,0,0
0,0,0,7,0,0,0,0,0,5,1,0,0,0,0,0,0,0,0,0
31,0,0,10,6,1,9,3,14,1,10,4,0,0,0,0,16,4,0,0
0,0,0,0,0,0,0,1,0,1,0,0,0,0,0,0,0,0,0,0
21,0,0,5,2,0,5,0,4,1,8,1,0,0,0,0,10,1,0,0
5,0,0,0,1,1,1,0,4,1,2,2,0,0,0,0,2,1,0,0
1,0,1,7,0,0,0,0,1,2,0,0,0,0,0,0,0,1,0,0
2,0,1,0,0,0,0,0,0,1,0,0,0,0,0,0,3,1,0,0
0,0,0,0,0,0,0,0,0,1,0,0,0,0,0,0,0,0,0,0
45,0,0,26,8,0,11,4,11,1,6,4,0,0,0,0,29,6,0,0
1,0,0,1,0,0,6,0,0,0,1,0,0,0,0,0,0,0,0,0
15,0,0,73,2,0,5,2,0,2,7,8,0,2,0,0,1,0,0,3
3,0,0,1,1,0,4,0,0,0,0,1,0,0,0,0,2,0,0,0
1,0,0,14,1,0,0,0,1,1,0,1,0,0,0,0,0,1,0,0
1,0,0,0,0,0,1,0,1,1,0,0,0,0,0,0,0,0,0,0
35,0,0,27,10,0,7,3,1,1,4,1,0,12,0,0,18,7,0,0
0,0,0,0,1,0,0,0,0,1,0,0,0,0,0,0,0,0,0,0
8,0,0,25,2,0,12,2,2,5,12,2,2,0,2,0,11,0,0,0
39,0,0,151,8,0,20,3,0,41,11,4,0,0,0,0,22,5,0,0
5,0,0,8,2,0,4,0,1,3,2,1,1,0,0,0,3,1,0,0
2,0,0,2,1,0,0,2,3,2,0,2,0,0,0,0,2,0,0,0
10,0,0,3,1,0,4,3,12,1,0,1,0,0,0,0,4,0,6,0
1,0,0,0,3,1,1,0,3,1,1,0,0,0,0,0,1,0,0,0
13,2,1,16,4,0,4,1,3,4,2,2,0,0,0,0,9,3,0,0
2,0,0,0,1,0,0,0,1,1,0,1,0,0,0,0,3,0,0,0
10,0,0,7,3,0,2,2,1,3,1,3,0,0,0,0,14,1,0,0
2,0,0,4,2,0,2,0,3,1,2,0,0,0,0,0,3,0,0,0
3,0,0,14,1,0,3,0,4,1,3,0,0,0,1,0,1,1,0,0
0,0,0,3,0,0,0,0,0,0,0,0,0,0,0,0,0,0,0,1
7,0,1,4,0,1,2,0,0,4,1,0,0,0,0,0,6,1,0,0
17,0,0,8,5,1,2,3,5,1,2,1,0,0,0,0,10,0,0,0
2,0,0,3,2,0,0,0,3,1,0,0,0,0,0,0,3,0,0,0
7,0,0,0,1,0,4,2,2,0,0,0,0,0,0,0,5,0,0,0
2,0,0,1,2,0,6,2,3,3,2,0,0,0,0,0,6,1,0,0
0,0,1,6,0,0,0,0,0,2,0,0,0,0,0,0,0,0,0,0
3,0,1,7,0,0,1,0,0,2,0,0,0,0,0,0,0,0,0,0
24,0,0,16,9,0,7,3,9,4,3,1,0,0,1,0,12,4,0,0
0,0,0,4,0,0,1,0,5,0,0,0,0,0,0,0,6,0,0,0
15,0,0,15,2,0,3,2,3,2,2,0,0,0,0,0,2,1,0,0
5,0,0,8,1,0,2,0,0,0,4,1,0,8,0,0,3,0,0,2
1,0,0,5,0,0,1,2,0,0,2,0,0,0,0,0,0,0,0,0
5,0,0,3,1,0,1,0,0,0,3,3,0,0,1,0,0,0,0,0
3,0,0,6,3,0,2,4,3,0,0,2,0,0,0,0,9,0,0,0
10,0,0,7,1,0,1,1,6,1,2,0,0,0,0,0,2,0,4,0
42,0,0,64,14,2,15,4,0,0,2,5,0,20,2,0,25,3,0,0
6,0,0,3,4,0,3,2,0,2,2,0,1,3,0,0,1,1,0,0
1,0,0,5,2,0,1,2,0,2,2,3,0,0,0,0,0,0,0,0
2,0,0,0,2,0,1,1,0,0,1,0,0,0,0,0,0,0,0,0
1,0,0,0,0,0,0,0,3,1,1,0,0,0,0,0,1,0,0,0
14,0,0,21,7,1,2,2,0,0,3,2,0,0,0,0,6,0,0,0
0,0,0,0,0,0,0,0,1,0,0,0,0,0,0,0,1,0,0,0
4,0,0,15,1,1,2,0,4,2,2,0,0,0,1,0,2,0,0,0
6,0,0,0,1,0,1,0,0,1,1,1,0,0,0,0,1,0,0,0
5,0,0,11,3,0,0,1,8,4,6,0,0,0,0,0,5,1,0,0
2,0,0,0,1,0,1,0,0,1,0,0,0,0,0,0,1,0,0,0
2,0,0,17,3,0,1,1,2,3,2,0,0,0,0,0,0,0,0,0
3,0,0,27,3,0,4,0,0,6,3,0,0,0,0,0,0,0,0,0
6,0,0,25,4,0,0,0,9,6,5,0,0,0,0,0,2,2,0,0
5,0,0,1,1,0,2,1,0,4,1,2,0,0,0,0,6,0,0,0
1,0,0,8,2,0,1,1,0,0,2,1,0,3,0,0,2,0,0,0
0,0,0,0,0,0,0,0,0,0,0,0,0,0,0,0,0,0,0,0
2,0,0,9,3,0,1,0,0,1,0,1,0,44,0,0,0,1,0,0
3,0,1,6,2,0,0,0,0,1,1,1,0,0,0,0,1,0,0,0
2,0,0,14,0,0,0,0,1,3,0,0,0,0,0,0,1,0,0,0
1,0,0,3,1,1,2,1,2,0,1,0,0,0,0,0,4,0,0,0
29,0,0,31,3,0,1,3,1,0,2,4,0,0,0,0,6,3,0,0
1,0,0,12,3,0,4,0,2,2,0,0,0,0,0,0,2,3,0,0
2,0,0,0,0,0,0,0,0,2,0,0,0,0,0,0,1,0,0,0
2,0,1,6,0,0,0,0,0,1,0,0,0,0,0,0,1,0,0,0
10,0,0,13,12,0,8,4,0,2,9,2,0,12,0,0,3,6,0,0
10,0,0,13,2,0,1,4,8,1,2,1,0,0,0,0,3,0,0,0
4,0,0,30,4,0,6,0,1,2,3,0,0,11,0,2,8,0,0,3
8,0,0,11,4,0,6,3,0,4,6,2,1,0,0,0,0,2,0,0
6,0,0,8,5,1,1,0,3,0,4,1,0,0,0,0,2,0,0,0
32,0,0,6,5,0,14,3,0,0,9,2,0,0,0,0,8,0,0,0
23,0,0,9,4,0,5,0,3,2,3,3,0,0,0,0,8,1,0,0
29,1,0,74,9,0,50,1,1,0,7,6,0,0,0,0,11,1,0,0
10,0,0,29,7,0,1,3,4,5,2,0,0,0,0,0,8,1,0,0
0,0,0,0,2,0,1,0,3,1,1,0,0,0,0,0,1,0,0,0
6,0,1,0,0,0,1,1,1,4,2,0,0,0,0,0,2,0,0,0
1,0,1,8,0,0,0,0,0,6,0,0,0,0,0,0,1,0,0,0
13,0,0,53,3,0,2,5,0,0,8,5,0,0,0,0,4,5,0,0
0,0,0,4,1,0,0,0,0,0,0,0,0,0,0,0,0,1,0,0
2,0,0,2,3,0,0,3,0,3,1,0,0,0,0,0,6,2,0,0
0,0,0,0,0,0,0,0,0,1,0,0,0,0,0,0,0,0,0,0
2,0,0,11,0,0,0,0,4,2,0,1,0,0,1,0,1,0,0,0
2,0,1,0,0,0,1,0,0,1,0,0,0,0,0,0,1,1,0,0
1,0,0,0,2,0,1,0,0,1,1,0,0,0,0,0,1,0,0,0
7,0,0,21,0,0,1,0,0,0,0,2,0,1,0,0,4,0,0,0
12,0,0,44,3,1,2,0,0,2,1,1,0,1,0,0,6,2,0,0
22,1,0,97,23,0,6,11,18,2,2,5,1,0,2,0,12,2,0,3
54,0,0,6,18,0,12,7,2,1,6,7,0,0,1,0,14,2,0,0
9,0,0,20,1,0,0,0,1,1,1,0,0,0,0,0,3,5,0,0
6,0,0,7,0,0,0,1,1,1,2,0,0,0,0,0,2,1,0,0
1,0,0,10,4,0,1,2,0,3,3,3,0,0,0,0,0,0,0,0
6,0,0,0,0,1,0,0,4,2,1,0,0,0,0,0,5,0,0,0
14,0,0,19,3,1,3,0,6,4,3,0,0,0,0,0,5,1,0,0
27,0,0,18,3,0,13,2,0,3,1,2,0,0,0,0,4,0,0,0
0,0,0,0,0,0,0,1,1,2,3,0,0,0,0,1,1,1,0,0
3,0,0,6,3,0,4,0,1,2,0,0,0,0,0,0,7,3,0,0
54,0,0,34,12,9,29,5,2,3,2,2,0,0,0,0,40,5,0,0
5,0,0,1,1,0,0,2,0,0,0,5,0,0,0,0,1,0,0,0
2,0,0,9,3,0,1,0,0,1,0,1,0,44,0,0,0,1,0,0
5,0,1,6,1,0,1,0,0,1,1,1,0,0,0,0,2,0,0,0
16,0,0,1,4,0,10,1,3,2,1,0,0,0,0,0,11,0,0,0
3,0,1,6,2,0,0,0,0,4,0,0,0,0,0,0,1,1,0,0
6,0,0,112,2,0,5,4,0,2,7,4,0,3,0,0,4,0,0,3
18,0,0,54,6,0,6,2,1,0,3,0,0,28,0,0,8,0,0,0
6,0,0,12,2,0,0,0,2,1,0,2,0,0,0,0,2,2,0,0
19,0,0,36,6,0,10,2,0,0,8,1,0,3,0,0,10,3,0,0
6,2,0,3,0,0,0,0,3,2,1,0,0,0,0,0,0,0,0,0
9,0,0,9,0,0,3,3,6,2,0,1,0,0,1,0,2,3,0,0
6,1,0,241,2,0,3,2,8,3,0,1,0,0,0,0,2,0,7,0
4,0,0,74,0,0,1,2,0,2,7,0,0,2,0,0,3,0,0,3
6,0,0,41,7,0,3,1,5,8,0,0,0,0,0,0,4,2,0,0
0,0,0,5,1,0,1,1,3,2,2,1,0,0,0,0,1,0,0,0
1,0,0,4,0,0,1,2,0,2,0,0,1,0,0,0,0,1,0,0
19,0,0,18,2,1,1,4,9,9,5,0,0,0,0,0,4,1,0,0
13,1,0,27,2,0,2,4,10,3,1,4,0,0,0,0,1,0,6,0
6,0,0,3,3,0,5,0,1,2,1,0,0,0,0,0,3,2,0,0
6,1,0,33,0,0,3,3,6,3,2,2,0,0,0,0,2,0,5,0
24,0,0,43,4,2,7,0,3,0,13,4,0,7,1,0,5,1,0,0
3,0,0,4,1,0,1,2,0,3,0,0,0,0,0,0,0,0,0,0
6,0,0,0,1,0,0,0,1,2,1,0,0,0,0,0,4,0,0,0
0,0,0,0,0,0,1,0,0,0,1,0,0,0,0,0,1,0,0,5
49,0,0,55,7,0,16,3,19,7,5,10,0,82,0,0,25,5,0,0
16,0,0,6,5,0,5,4,0,0,6,0,0,18,0,0,9,1,0,0
10,0,0,0,1,0,3,1,3,1,1,0,0,0,0,0,6,1,0,0
3,0,0,3,3,0,5,0,2,1,1,0,0,0,0,0,2,1,0,0
5,0,0,26,1,0,2,0,3,0,3,0,0,0,0,0,6,0,0,5
7,0,0,5,3,0,2,1,8,1,0,1,0,0,0,0,5,1,0,0
30,0,0,56,6,0,7,2,13,0,10,5,1,0,1,0,10,5,0,0
2,0,0,0,0,0,0,0,2,0,0,0,0,0,0,0,0,0,0,0
27,0,0,28,5,0,10,7,0,2,3,10,0,21,0,1,12,1,0,0
3,0,0,33,4,0,1,1,4,2,2,0,0,0,0,0,2,1,0,0
0,0,0,15,0,0,0,0,0,1,0,0,0,16,0,0,0,0,0,0
9,0,0,3,1,0,6,0,1,1,0,0,0,0,0,0,8,2,0,0
7,0,0,11,2,0,2,1,7,1,1,0,0,0,0,0,2,0,0,0
7,0,0,12,1,0,5,0,5,2,1,0,0,0,1,0,13,0,0,0
31,0,0,15,14,0,4,3,14,2,3,10,0,0,0,0,16,4,0,0
5,0,0,14,1,0,6,0,5,0,5,1,0,0,0,0,2,0,0,0
23,0,0,10,6,4,7,2,3,4,2,1,0,0,0,0,9,5,0,0
19,0,0,0,0,0,6,0,3,0,2,3,0,0,0,0,4,1,0,0
1,0,1,0,0,0,1,0,0,1,0,0,0,0,0,0,0,0,0,0
15,0,0,19,2,0,8,3,2,1,0,7,0,0,0,0,10,2,0,0
0,0,0,1,0,0,0,0,0,0,0,0,0,0,0,0,0,0,0,0
6,1,0,8,3,0,0,1,1,1,2,3,0,0,0,0,4,6,0,0
2,0,0,399,1,0,0,12,3,2,1,3,0,0,0,0,7,0,0,0
1,0,0,2,1,0,3,0,12,1,0,0,0,0,0,0,4,0,0,0
18,0,0,60,2,0,2,5,12,0,5,4,0,0,1,0,17,1,0,0
2,0,0,3,2,0,2,1,0,3,3,1,0,2,0,0,2,1,0,0
5,0,0,0,1,0,0,1,0,1,0,1,0,0,0,0,3,0,0,0
4,0,0,1,0,0,1,1,0,1,1,1,0,0,0,0,0,1,0,0
0,0,0,1,0,0,0,0,0,1,0,0,0,0,0,0,0,0,0,0
0,0,0,3,0,0,0,0,0,0,0,0,0,0,0,0,0,0,0,1
16,0,0,34,3,0,7,3,18,1,6,3,0,0,0,1,4,0,0,0
8,0,1,7,3,0,1,1,2,1,1,1,0,0,0,0,3,0,0,0
8,0,1,13,4,0,2,4,5,5,2,0,0,0,0,0,3,2,0,0
1,0,1,0,1,0,1,0,0,1,0,1,0,0,0,0,1,0,0,0
3,0,0,4,0,0,1,3,0,6,3,1,0,0,0,0,1,0,0,0
8,0,0,1,2,0,8,1,18,1,1,0,0,0,0,0,1,0,9,0
3,0,0,0,0,0,0,0,3,1,0,0,0,0,0,0,1,0,0,0
12,0,0,7,4,0,3,4,4,3,2,1,0,0,0,0,6,0,0,0
3,0,0,3,2,0,0,0,2,1,1,2,0,0,0,0,1,0,0,0
6,0,0,1,0,0,1,0,0,2,1,1,0,0,0,0,2,0,0,0
2,0,1,7,2,0,0,1,0,2,1,0,0,0,0,0,0,1,0,0
2,0,0,0,1,0,0,0,1,2,0,1,0,0,0,0,0,0,0,0
0,0,1,6,0,0,0,0,3,1,0,0,0,0,0,0,2,0,0,0
8,0,0,4,0,0,1,1,0,2,0,0,0,0,0,0,1,0,0,0
9,0,0,2,5,0,0,1,7,1,2,1,0,0,0,0,6,2,0,0
3,0,0,5,0,0,0,1,0,0,2,1,0,0,0,0,4,0,0,0
8,0,0,13,1,0,0,2,2,1,0,0,0,0,0,0,1,0,0,0
4,0,0,22,0,0,3,0,0,0,1,0,0,0,0,0,3,0,0,3
6,0,0,12,1,0,4,3,0,0,5,0,0,7,0,0,2,0,0,0
2,1,0,55,1,0,0,2,0,2,0,1,0,0,0,0,2,1,4,0
1,0,0,9,1,0,0,0,0,3,0,0,0,0,1,0,4,2,0,0
10,0,0,12,5,0,2,2,5,2,2,0,0,0,0,0,3,0,0,0
58,0,0,0,11,5,21,7,21,1,10,3,0,0,2,0,26,2,0,0
1,0,0,15,3,0,2,3,0,6,4,3,0,0,0,0,3,1,0,0
0,0,1,0,0,0,1,1,1,3,0,0,0,0,0,0,2,3,0,0
3,0,0,6,1,0,1,0,0,2,1,1,0,0,0,0,0,0,0,0
12,0,0,4,2,1,0,0,6,1,0,1,0,0,0,0,3,1,0,0
4,0,0,7,1,0,0,2,0,0,1,0,0,3,0,0,4,0,0,0
7,0,0,7,4,0,0,0,1,2,0,1,0,0,0,0,10,1,0,0
5,0,0,42,1,2,5,2,12,0,4,1,0,0,0,0,3,1,0,0
12,0,0,8,5,0,2,3,2,3,1,3,0,0,0,0,6,3,0,0
13,0,0,8,5,0,3,1,5,2,3,3,0,0,0,0,5,0,0,0
6,0,0,4,1,0,0,0,1,2,1,3,0,0,0,0,1,0,0,0
23,0,0,11,2,4,12,3,3,0,4,3,0,0,1,0,10,2,0,0
11,0,0,0,2,0,2,0,2,0,2,3,0,0,0,0,1,1,0,0
1,0,0,15,0,0,1,0,22,0,1,0,0,2,0,0,9,0,0,0
2,0,0,0,1,0,0,0,0,1,1,0,0,0,0,0,2,1,0,0
1,1,0,16,2,0,1,1,1,3,1,1,0,0,0,0,3,3,0,0
23,0,0,12,3,8,11,4,0,2,3,1,0,0,0,0,17,2,0,0
0,0,1,6,0,0,1,1,0,1,0,0,0,0,0,0,0,0,0,0
4,0,1,6,0,0,1,0,0,1,0,0,0,0,0,0,4,0,0,0
5,0,0,2,1,0,0,3,9,1,0,0,0,0,0,0,5,0,0,0
28,0,0,4,9,0,5,1,16,2,5,2,0,0,0,0,7,1,0,0
0,0,0,5,1,0,1,0,0,1,0,0,0,0,0,0,2,1,0,0
100,0,0,178,46,0,35,11,43,1,37,3,0,0,2,0,44,4,0,0
0,0,0,1,0,0,0,0,0,1,0,0,0,0,0,0,0,0,0,0
0,0,0,6,0,0,0,0,0,1,0,0,0,3,0,0,1,0,0,0
9,0,0,0,0,0,4,1,0,1,0,0,0,0,0,0,2,0,0,0
0,0,0,6,0,0,0,0,0,3,0,0,0,0,0,0,0,0,0,0
3,0,0,1,1,0,3,1,9,0,2,0,1,0,0,0,2,0,0,0
2,0,0,10,0,0,0,0,0,1,2,0,0,0,0,0,1,1,0,0
43,0,0,39,8,0,12,6,0,13,12,3,0,18,0,0,6,3,0,0
3,0,0,0,0,0,3,0,0,2,1,0,0,0,0,0,1,0,0,0
1,0,0,1,1,0,2,1,0,2,2,0,0,0,0,0,0,0,0,0
12,0,0,4,5,0,1,1,2,0,1,0,0,0,0,0,3,0,0,0
0,0,0,5,4,0,0,0,3,3,0,0,0,0,0,0,1,1,0,0
1,0,0,11,1,0,1,0,5,1,0,0,0,0,0,1,1,1,0,0
4,0,0,5,6,0,3,0,2,0,3,3,2,0,0,0,1,0,0,3
2,0,0,3,1,0,0,2,0,4,0,0,0,0,0,0,3,1,0,0
29,0,0,12,10,0,3,2,16,4,11,2,0,0,0,0,11,1,0,0
1,0,0,0,0,0,1,0,0,1,1,0,0,0,0,0,0,0,0,0
1,0,0,0,0,0,0,0,0,0,0,0,0,0,0,0,1,0,0,0
5,0,0,0,0,0,2,0,0,1,3,0,0,0,0,0,1,0,0,0
2,0,0,7,3,0,3,0,5,3,5,0,0,0,0,0,2,0,0,0
3,0,0,9,0,0,0,1,4,1,1,0,0,0,1,0,2,0,0,0
6,0,0,16,5,0,2,5,1,9,9,3,0,0,0,0,1,3,0,0
2,0,0,1,1,1,1,0,2,1,1,0,0,0,0,0,0,0,0,0
1,0,0,0,0,0,0,0,0,0,0,0,0,0,0,0,0,0,0,0
7,0,0,9,1,0,1,0,2,4,0,0,0,0,0,0,3,3,0,0
102,1,0,45,24,3,29,13,3,22,6,8,0,0,0,0,37,14,0,0
84,2,0,65,9,0,31,7,1,1,14,4,0,11,0,0,17,5,0,0
1,0,0,5,1,0,0,1,2,0,0,0,0,7,0,1,2,0,0,0
10,0,0,4,0,0,2,0,2,1,2,0,0,0,0,0,1,0,0,0
1,0,0,6,3,0,1,0,6,2,0,2,0,0,0,0,3,0,2,0
30,0,0,14,5,0,9,0,6,1,3,2,0,0,0,0,14,6,0,0
7,0,0,0,0,0,2,1,7,0,0,0,0,0,0,0,1,1,0,0
8,0,0,14,5,0,2,1,2,7,8,0,1,0,1,0,8,0,0,0
2,0,1,10,2,0,0,1,1,1,0,0,0,0,0,0,2,1,0,0
0,0,1,6,0,0,0,0,0,1,0,0,0,0,0,0,0,0,0,0
1,0,0,4,3,0,1,0,1,2,2,0,0,0,0,0,2,1,0,0
4,1,0,11,2,0,4,0,6,1,2,1,0,0,0,0,3,1,0,0
9,1,0,23,1,0,2,1,4,4,2,1,0,0,0,0,4,1,0,0
1,0,0,4,0,0,1,0,0,2,1,0,0,0,0,0,0,0,0,2
3,0,1,6,0,0,0,2,2,1,0,0,0,0,0,0,3,1,0,0
30,0,0,14,4,0,2,5,3,2,3,5,0,0,0,0,10,3,0,0
1,0,1,6,1,0,0,0,0,1,1,0,0,0,0,0,1,1,0,0
3,0,0,7,0,0,3,0,0,0,0,0,0,0,0,0,2,1,0,0
6,0,0,0,1,0,1,2,6,1,0,1,0,0,0,0,4,1,0,0
2,0,0,15,2,0,0,1,0,2,1,0,0,0,0,0,0,1,0,0
3,0,0,1,3,0,1,0,0,0,4,0,0,0,0,0,1,2,0,0
18,0,1,25,6,0,4,4,0,34,3,4,0,0,0,0,6,1,0,0
0,0,0,9,2,0,1,0,0,1,0,2,0,0,0,0,1,0,0,0
5,0,0,1,0,0,3,0,2,1,0,0,0,0,0,0,9,0,0,0
0,0,0,0,0,0,1,0,1,3,2,0,1,0,0,0,1,0,0,0
50,0,0,158,16,1,14,6,15,1,11,18,0,0,1,0,49,9,0,0
3,0,0,0,1,0,0,0,0,2,0,2,0,0,0,0,1,1,0,0
7,0,0,99,2,0,1,2,10,21,2,1,0,0,1,0,1,0,0,0
7,0,0,7,2,0,1,1,1,1,0,1,0,0,0,0,4,1,0,0
9,0,0,8,5,0,2,0,1,2,3,0,0,0,0,0,4,1,0,0
2,0,1,10,1,0,1,0,0,2,0,0,0,0,0,0,1,0,0,0
16,0,0,3,2,0,1,0,6,2,3,0,0,0,0,0,7,3,0,0
15,0,0,8,3,0,2,0,2,0,4,0,0,0,0,0,2,1,0,0
30,0,0,22,2,0,6,2,3,1,0,8,0,0,0,0,16,2,0,0
5,0,1,2,3,1,6,0,2,3,1,0,0,0,0,0,0,0,0,0
8,0,0,0,4,0,5,1,2,0,0,0,0,0,0,0,4,0,0,0
3,0,0,7,0,0,0,1,1,3,2,1,0,0,0,0,2,0,0,0
17,0,0,2,2,0,2,1,1,0,0,3,0,0,0,0,5,3,0,0
14,0,0,2,3,0,1,4,1,2,1,0,0,0,0,0,1,0,0,0
7,0,0,3,3,0,4,1,0,0,3,0,0,3,0,0,1,1,0,0
9,0,0,0,0,0,0,1,4,1,1,1,0,0,0,0,1,0,0,0
4,0,0,3,0,1,1,1,10,1,2,3,0,0,0,0,3,1,0,0
2,0,1,1,1,0,0,0,0,1,0,0,0,0,0,0,0,0,0,0
8,0,0,5,4,0,5,2,4,0,3,1,0,18,0,0,9,2,0,3
4,0,0,10,0,0,1,1,0,0,0,4,0,19,0,0,2,1,0,0
4,0,0,7,2,0,5,2,0,5,6,5,0,0,1,0,4,2,0,0
4,0,0,10,2,0,0,0,1,2,0,0,0,0,0,0,1,1,0,0
0,0,0,11,1,0,0,0,2,1,0,0,0,0,0,0,1,0,0,0
1,0,0,7,0,0,0,0,0,1,0,1,0,0,0,0,1,0,0,0
10,0,0,0,4,0,2,0,10,1,0,0,0,0,0,0,11,1,2,0
7,0,0,6,2,0,2,0,3,1,3,0,0,0,0,0,0,0,0,0
4,0,0,1,1,0,2,1,4,2,1,1,0,0,0,0,7,0,0,0
3,0,1,6,1,0,0,0,0,1,0,1,0,0,0,0,0,0,0,0
3,0,0,19,2,1,0,1,5,3,1,2,0,0,0,0,1,1,0,0
